eed9621b-6412-4f4b-a166-758882cc7a4c;2024-07-22T06:59:00Z;2773.5;2773.5;2773.5;2773.5;1202;
eed9621b-6412-4f4b-a166-758882cc7a4c;2024-07-22T07:00:00Z;2773.5;2789.5;2790;2765.5;42048;
eed9621b-6412-4f4b-a166-758882cc7a4c;2024-07-22T07:01:00Z;2790;2784;2790;2764;16555;
eed9621b-6412-4f4b-a166-758882cc7a4c;2024-07-22T07:02:00Z;2784.5;2785;2785.5;2781;6230;
eed9621b-6412-4f4b-a166-758882cc7a4c;2024-07-22T07:03:00Z;2785;2789.5;2792.5;2775.5;18000;
eed9621b-6412-4f4b-a166-758882cc7a4c;2024-07-22T07:04:00Z;2789;2781.5;2792;2781;20698;
eed9621b-6412-4f4b-a166-758882cc7a4c;2024-07-22T07:05:00Z;2783.5;2794.5;2795.5;2781.5;20032;
eed9621b-6412-4f4b-a166-758882cc7a4c;2024-07-22T07:06:00Z;2794;2793.5;2797;2792.5;7792;
eed9621b-6412-4f4b-a166-758882cc7a4c;2024-07-22T07:07:00Z;2793.5;2790;2794;2790;18354;
eed9621b-6412-4f4b-a166-758882cc7a4c;2024-07-22T07:08:00Z;2790;2789;2793.5;2785.5;15413;
eed9621b-6412-4f4b-a166-758882cc7a4c;2024-07-22T07:09:00Z;2788;2785;2789.5;2784;11399;
eed9621b-6412-4f4b-a166-758882cc7a4c;2024-07-22T07:10:00Z;2785;2780;2785;2779.5;11518;
eed9621b-6412-4f4b-a166-758882cc7a4c;2024-07-22T07:11:00Z;2779.5;2775;2781;2774;6599;
eed9621b-6412-4f4b-a166-758882cc7a4c;2024-07-22T07:12:00Z;2775.5;2777;2778;2775.5;2609;
eed9621b-6412-4f4b-a166-758882cc7a4c;2024-07-22T07:13:00Z;2777;2779.5;2783.5;2776.5;9903;
eed9621b-6412-4f4b-a166-758882cc7a4c;2024-07-22T07:14:00Z;2779;2777.5;2782;2777;4720;
eed9621b-6412-4f4b-a166-758882cc7a4c;2024-07-22T07:15:00Z;2777.5;2779;2779;2777;1654;
eed9621b-6412-4f4b-a166-758882cc7a4c;2024-07-22T07:16:00Z;2779;2783;2783;2774.5;11325;
eed9621b-6412-4f4b-a166-758882cc7a4c;2024-07-22T07:17:00Z;2783;2783;2783.5;2777.5;11781;
eed9621b-6412-4f4b-a166-758882cc7a4c;2024-07-22T07:18:00Z;2783;2778.5;2783;2778.5;5714;
eed9621b-6412-4f4b-a166-758882cc7a4c;2024-07-22T07:19:00Z;2778.5;2780.5;2783.5;2778.5;10143;
eed9621b-6412-4f4b-a166-758882cc7a4c;2024-07-22T07:20:00Z;2780.5;2781.5;2782;2779;1110;
eed9621b-6412-4f4b-a166-758882cc7a4c;2024-07-22T07:21:00Z;2781.5;2785.5;2785.5;2781;6679;
eed9621b-6412-4f4b-a166-758882cc7a4c;2024-07-22T07:22:00Z;2786;2785;2789;2784;14480;
eed9621b-6412-4f4b-a166-758882cc7a4c;2024-07-22T07:23:00Z;2784.5;2785;2786;2784;1342;
eed9621b-6412-4f4b-a166-758882cc7a4c;2024-07-22T07:24:00Z;2785;2780.5;2785;2780;4888;
eed9621b-6412-4f4b-a166-758882cc7a4c;2024-07-22T07:25:00Z;2780.5;2780;2780.5;2778;2005;
eed9621b-6412-4f4b-a166-758882cc7a4c;2024-07-22T07:26:00Z;2780;2780.5;2780.5;2778;3007;
eed9621b-6412-4f4b-a166-758882cc7a4c;2024-07-22T07:27:00Z;2780;2777;2780;2776.5;2154;
eed9621b-6412-4f4b-a166-758882cc7a4c;2024-07-22T07:28:00Z;2777;2778;2779.5;2776.5;1700;
eed9621b-6412-4f4b-a166-758882cc7a4c;2024-07-22T07:29:00Z;2777.5;2780;2780.5;2777;5763;
eed9621b-6412-4f4b-a166-758882cc7a4c;2024-07-22T07:30:00Z;2780;2780;2780.5;2780;1266;
eed9621b-6412-4f4b-a166-758882cc7a4c;2024-07-22T07:31:00Z;2780.5;2780.5;2780.5;2780;476;
eed9621b-6412-4f4b-a166-758882cc7a4c;2024-07-22T07:32:00Z;2780;2782;2782;2780;2619;
eed9621b-6412-4f4b-a166-758882cc7a4c;2024-07-22T07:33:00Z;2781.5;2780.5;2781.5;2780;862;
eed9621b-6412-4f4b-a166-758882cc7a4c;2024-07-22T07:34:00Z;2780.5;2781;2781;2780.5;830;
eed9621b-6412-4f4b-a166-758882cc7a4c;2024-07-22T07:35:00Z;2781;2780.5;2781;2780;1444;
eed9621b-6412-4f4b-a166-758882cc7a4c;2024-07-22T07:36:00Z;2780.5;2780.5;2781;2780;2246;
eed9621b-6412-4f4b-a166-758882cc7a4c;2024-07-22T07:37:00Z;2781;2782;2783;2780.5;6842;
eed9621b-6412-4f4b-a166-758882cc7a4c;2024-07-22T07:38:00Z;2782.5;2783.5;2785;2782.5;5453;
eed9621b-6412-4f4b-a166-758882cc7a4c;2024-07-22T07:39:00Z;2783;2785;2785;2783;1459;
eed9621b-6412-4f4b-a166-758882cc7a4c;2024-07-22T07:40:00Z;2785;2784;2785;2783.5;3175;
eed9621b-6412-4f4b-a166-758882cc7a4c;2024-07-22T07:41:00Z;2783.5;2783;2783.5;2782.5;452;
eed9621b-6412-4f4b-a166-758882cc7a4c;2024-07-22T07:42:00Z;2783;2783;2784;2782.5;626;
eed9621b-6412-4f4b-a166-758882cc7a4c;2024-07-22T07:43:00Z;2783;2784;2785;2782.5;2259;
eed9621b-6412-4f4b-a166-758882cc7a4c;2024-07-22T07:44:00Z;2784;2784;2785;2783.5;4451;
eed9621b-6412-4f4b-a166-758882cc7a4c;2024-07-22T07:45:00Z;2783.5;2784;2784.5;2783.5;190;
eed9621b-6412-4f4b-a166-758882cc7a4c;2024-07-22T07:46:00Z;2784.5;2784.5;2785;2784;1799;
eed9621b-6412-4f4b-a166-758882cc7a4c;2024-07-22T07:47:00Z;2785;2784;2786;2784;9791;
eed9621b-6412-4f4b-a166-758882cc7a4c;2024-07-22T07:48:00Z;2784.5;2784;2785;2782;3152;
eed9621b-6412-4f4b-a166-758882cc7a4c;2024-07-22T07:49:00Z;2784.5;2785.5;2785.5;2784.5;1951;
eed9621b-6412-4f4b-a166-758882cc7a4c;2024-07-22T07:50:00Z;2785.5;2786;2786;2785;2366;
eed9621b-6412-4f4b-a166-758882cc7a4c;2024-07-22T07:51:00Z;2786;2784;2786;2783;14763;
eed9621b-6412-4f4b-a166-758882cc7a4c;2024-07-22T07:52:00Z;2784;2784.5;2785;2784;631;
eed9621b-6412-4f4b-a166-758882cc7a4c;2024-07-22T07:53:00Z;2785;2785;2785;2784.5;326;
eed9621b-6412-4f4b-a166-758882cc7a4c;2024-07-22T07:54:00Z;2785;2789;2790.5;2785;25859;
eed9621b-6412-4f4b-a166-758882cc7a4c;2024-07-22T07:55:00Z;2789;2786.5;2790;2786.5;4274;
eed9621b-6412-4f4b-a166-758882cc7a4c;2024-07-22T07:56:00Z;2787;2786.5;2787.5;2785;2603;
eed9621b-6412-4f4b-a166-758882cc7a4c;2024-07-22T07:57:00Z;2786;2787.5;2788;2786;2808;
eed9621b-6412-4f4b-a166-758882cc7a4c;2024-07-22T07:58:00Z;2787.5;2789.5;2789.5;2787;2391;
eed9621b-6412-4f4b-a166-758882cc7a4c;2024-07-22T07:59:00Z;2789.5;2788.5;2789.5;2788.5;1015;
eed9621b-6412-4f4b-a166-758882cc7a4c;2024-07-22T08:00:00Z;2788.5;2789;2790;2788.5;1451;
eed9621b-6412-4f4b-a166-758882cc7a4c;2024-07-22T08:01:00Z;2788.5;2787.5;2789;2787.5;860;
eed9621b-6412-4f4b-a166-758882cc7a4c;2024-07-22T08:02:00Z;2787.5;2787.5;2788.5;2787;988;
eed9621b-6412-4f4b-a166-758882cc7a4c;2024-07-22T08:03:00Z;2787.5;2788.5;2789;2787.5;2008;
eed9621b-6412-4f4b-a166-758882cc7a4c;2024-07-22T08:04:00Z;2789;2792;2793;2789;9980;
eed9621b-6412-4f4b-a166-758882cc7a4c;2024-07-22T08:05:00Z;2791.5;2795;2795;2791;7578;
eed9621b-6412-4f4b-a166-758882cc7a4c;2024-07-22T08:06:00Z;2794.5;2797.5;2799.5;2794;17896;
eed9621b-6412-4f4b-a166-758882cc7a4c;2024-07-22T08:07:00Z;2797.5;2798;2800;2795.5;15197;
eed9621b-6412-4f4b-a166-758882cc7a4c;2024-07-22T08:08:00Z;2798;2797;2799;2797;6358;
eed9621b-6412-4f4b-a166-758882cc7a4c;2024-07-22T08:09:00Z;2797.5;2795.5;2798.5;2794.5;3589;
eed9621b-6412-4f4b-a166-758882cc7a4c;2024-07-22T08:10:00Z;2795.5;2795;2795.5;2794;1799;
eed9621b-6412-4f4b-a166-758882cc7a4c;2024-07-22T08:11:00Z;2794.5;2796;2796;2794.5;3128;
eed9621b-6412-4f4b-a166-758882cc7a4c;2024-07-22T08:12:00Z;2795.5;2796.5;2796.5;2795.5;620;
eed9621b-6412-4f4b-a166-758882cc7a4c;2024-07-22T08:13:00Z;2796.5;2797;2797;2796;848;
eed9621b-6412-4f4b-a166-758882cc7a4c;2024-07-22T08:14:00Z;2797.5;2804;2804;2797.5;13939;
eed9621b-6412-4f4b-a166-758882cc7a4c;2024-07-22T08:15:00Z;2804;2806.5;2809;2803;12335;
eed9621b-6412-4f4b-a166-758882cc7a4c;2024-07-22T08:16:00Z;2806.5;2814.5;2814.5;2806.5;12531;
eed9621b-6412-4f4b-a166-758882cc7a4c;2024-07-22T08:17:00Z;2814.5;2806.5;2814.5;2806;15584;
eed9621b-6412-4f4b-a166-758882cc7a4c;2024-07-22T08:18:00Z;2807;2805.5;2807;2803.5;4694;
eed9621b-6412-4f4b-a166-758882cc7a4c;2024-07-22T08:19:00Z;2805;2804.5;2806;2804.5;1677;
eed9621b-6412-4f4b-a166-758882cc7a4c;2024-07-22T08:20:00Z;2804.5;2803.5;2805;2802;2395;
eed9621b-6412-4f4b-a166-758882cc7a4c;2024-07-22T08:21:00Z;2803.5;2806.5;2806.5;2803;2468;
eed9621b-6412-4f4b-a166-758882cc7a4c;2024-07-22T08:22:00Z;2806.5;2807;2807;2804.5;2460;
eed9621b-6412-4f4b-a166-758882cc7a4c;2024-07-22T08:23:00Z;2807;2807;2807;2806;659;
eed9621b-6412-4f4b-a166-758882cc7a4c;2024-07-22T08:24:00Z;2807;2806;2807;2806;1804;
eed9621b-6412-4f4b-a166-758882cc7a4c;2024-07-22T08:25:00Z;2806;2807;2807.5;2806;1994;
eed9621b-6412-4f4b-a166-758882cc7a4c;2024-07-22T08:26:00Z;2807.5;2803;2807.5;2803;4049;
eed9621b-6412-4f4b-a166-758882cc7a4c;2024-07-22T08:27:00Z;2803;2797.5;2803;2797.5;9459;
eed9621b-6412-4f4b-a166-758882cc7a4c;2024-07-22T08:28:00Z;2797.5;2798;2800.5;2796;5316;
eed9621b-6412-4f4b-a166-758882cc7a4c;2024-07-22T08:29:00Z;2799;2802.5;2805;2798;6612;
eed9621b-6412-4f4b-a166-758882cc7a4c;2024-07-22T08:30:00Z;2803;2802;2804;2802;1089;
eed9621b-6412-4f4b-a166-758882cc7a4c;2024-07-22T08:31:00Z;2802;2802.5;2803.5;2802;1743;
eed9621b-6412-4f4b-a166-758882cc7a4c;2024-07-22T08:32:00Z;2802.5;2802.5;2802.5;2802;457;
eed9621b-6412-4f4b-a166-758882cc7a4c;2024-07-22T08:33:00Z;2802.5;2802.5;2803.5;2801.5;1889;
eed9621b-6412-4f4b-a166-758882cc7a4c;2024-07-22T08:34:00Z;2802.5;2798;2802.5;2798;2608;
eed9621b-6412-4f4b-a166-758882cc7a4c;2024-07-22T08:35:00Z;2798;2798.5;2799;2796.5;1831;
eed9621b-6412-4f4b-a166-758882cc7a4c;2024-07-22T08:36:00Z;2798.5;2799.5;2800;2798;1752;
eed9621b-6412-4f4b-a166-758882cc7a4c;2024-07-22T08:37:00Z;2799.5;2799.5;2800;2798;2046;
eed9621b-6412-4f4b-a166-758882cc7a4c;2024-07-22T08:38:00Z;2799.5;2798.5;2800;2797.5;1122;
eed9621b-6412-4f4b-a166-758882cc7a4c;2024-07-22T08:39:00Z;2799;2801;2801;2799;759;
eed9621b-6412-4f4b-a166-758882cc7a4c;2024-07-22T08:40:00Z;2800.5;2799.5;2801;2799;3321;
eed9621b-6412-4f4b-a166-758882cc7a4c;2024-07-22T08:41:00Z;2799;2799;2799;2797.5;479;
eed9621b-6412-4f4b-a166-758882cc7a4c;2024-07-22T08:42:00Z;2798.5;2797.5;2799;2796;2946;
eed9621b-6412-4f4b-a166-758882cc7a4c;2024-07-22T08:43:00Z;2797.5;2798;2798;2795.5;2533;
eed9621b-6412-4f4b-a166-758882cc7a4c;2024-07-22T08:44:00Z;2798;2796.5;2798;2796;1492;
eed9621b-6412-4f4b-a166-758882cc7a4c;2024-07-22T08:45:00Z;2797.5;2798;2798.5;2796.5;585;
eed9621b-6412-4f4b-a166-758882cc7a4c;2024-07-22T08:46:00Z;2798.5;2799;2799.5;2798;1560;
eed9621b-6412-4f4b-a166-758882cc7a4c;2024-07-22T08:47:00Z;2799;2799.5;2800;2798;2160;
eed9621b-6412-4f4b-a166-758882cc7a4c;2024-07-22T08:48:00Z;2799.5;2799.5;2800;2799;1077;
eed9621b-6412-4f4b-a166-758882cc7a4c;2024-07-22T08:49:00Z;2800;2799.5;2800;2798;1187;
eed9621b-6412-4f4b-a166-758882cc7a4c;2024-07-22T08:50:00Z;2799.5;2800.5;2800.5;2799;2133;
eed9621b-6412-4f4b-a166-758882cc7a4c;2024-07-22T08:51:00Z;2800.5;2797.5;2800.5;2797;1599;
eed9621b-6412-4f4b-a166-758882cc7a4c;2024-07-22T08:52:00Z;2798;2797.5;2800.5;2797;3730;
eed9621b-6412-4f4b-a166-758882cc7a4c;2024-07-22T08:53:00Z;2797.5;2794.5;2797.5;2791;10662;
eed9621b-6412-4f4b-a166-758882cc7a4c;2024-07-22T08:54:00Z;2794;2795;2795.5;2793.5;764;
eed9621b-6412-4f4b-a166-758882cc7a4c;2024-07-22T08:55:00Z;2795;2794.5;2795;2794.5;1380;
eed9621b-6412-4f4b-a166-758882cc7a4c;2024-07-22T08:56:00Z;2795;2792;2795.5;2792;927;
eed9621b-6412-4f4b-a166-758882cc7a4c;2024-07-22T08:57:00Z;2792.5;2792.5;2793;2792;1086;
eed9621b-6412-4f4b-a166-758882cc7a4c;2024-07-22T08:58:00Z;2792.5;2789.5;2793;2787;8042;
eed9621b-6412-4f4b-a166-758882cc7a4c;2024-07-22T08:59:00Z;2788.5;2789.5;2790.5;2788.5;567;
eed9621b-6412-4f4b-a166-758882cc7a4c;2024-07-22T09:00:00Z;2789;2790;2790.5;2788.5;1946;
eed9621b-6412-4f4b-a166-758882cc7a4c;2024-07-22T09:01:00Z;2790;2793;2794.5;2787;8446;
eed9621b-6412-4f4b-a166-758882cc7a4c;2024-07-22T09:02:00Z;2792;2786;2792;2785.5;3751;
eed9621b-6412-4f4b-a166-758882cc7a4c;2024-07-22T09:03:00Z;2786;2785.5;2787;2785;1817;
eed9621b-6412-4f4b-a166-758882cc7a4c;2024-07-22T09:04:00Z;2786.5;2787;2788;2786;1096;
eed9621b-6412-4f4b-a166-758882cc7a4c;2024-07-22T09:05:00Z;2787.5;2791;2791.5;2787.5;3599;
eed9621b-6412-4f4b-a166-758882cc7a4c;2024-07-22T09:06:00Z;2790.5;2791.5;2792;2789.5;956;
eed9621b-6412-4f4b-a166-758882cc7a4c;2024-07-22T09:07:00Z;2791.5;2790.5;2792;2789.5;1024;
eed9621b-6412-4f4b-a166-758882cc7a4c;2024-07-22T09:08:00Z;2790.5;2789;2791;2787;2055;
eed9621b-6412-4f4b-a166-758882cc7a4c;2024-07-22T09:09:00Z;2789;2787.5;2789;2787;1131;
eed9621b-6412-4f4b-a166-758882cc7a4c;2024-07-22T09:10:00Z;2787.5;2792;2792;2787;3521;
eed9621b-6412-4f4b-a166-758882cc7a4c;2024-07-22T09:11:00Z;2792;2789;2795;2785.5;7280;
eed9621b-6412-4f4b-a166-758882cc7a4c;2024-07-22T09:12:00Z;2789;2795.5;2795.5;2788.5;1728;
eed9621b-6412-4f4b-a166-758882cc7a4c;2024-07-22T09:13:00Z;2796;2790.5;2797.5;2790;4382;
eed9621b-6412-4f4b-a166-758882cc7a4c;2024-07-22T09:14:00Z;2791.5;2792.5;2792.5;2790.5;435;
eed9621b-6412-4f4b-a166-758882cc7a4c;2024-07-22T09:15:00Z;2792.5;2790;2792.5;2790;933;
eed9621b-6412-4f4b-a166-758882cc7a4c;2024-07-22T09:16:00Z;2790;2790;2791;2790;281;
eed9621b-6412-4f4b-a166-758882cc7a4c;2024-07-22T09:17:00Z;2791;2793.5;2798.5;2790.5;8308;
eed9621b-6412-4f4b-a166-758882cc7a4c;2024-07-22T09:18:00Z;2793.5;2791;2794;2790;3707;
eed9621b-6412-4f4b-a166-758882cc7a4c;2024-07-22T09:19:00Z;2791;2790;2791;2790;116;
eed9621b-6412-4f4b-a166-758882cc7a4c;2024-07-22T09:20:00Z;2791;2789.5;2791;2789.5;232;
eed9621b-6412-4f4b-a166-758882cc7a4c;2024-07-22T09:21:00Z;2789.5;2790.5;2790.5;2789;495;
eed9621b-6412-4f4b-a166-758882cc7a4c;2024-07-22T09:22:00Z;2790;2787;2790;2787;1880;
eed9621b-6412-4f4b-a166-758882cc7a4c;2024-07-22T09:23:00Z;2787;2789;2794;2786.5;6916;
eed9621b-6412-4f4b-a166-758882cc7a4c;2024-07-22T09:24:00Z;2788.5;2789;2790.5;2787.5;3376;
eed9621b-6412-4f4b-a166-758882cc7a4c;2024-07-22T09:25:00Z;2788.5;2789;2789;2786.5;2879;
eed9621b-6412-4f4b-a166-758882cc7a4c;2024-07-22T09:26:00Z;2788;2788;2788.5;2787.5;440;
eed9621b-6412-4f4b-a166-758882cc7a4c;2024-07-22T09:27:00Z;2787.5;2787.5;2788.5;2787.5;1026;
eed9621b-6412-4f4b-a166-758882cc7a4c;2024-07-22T09:28:00Z;2787.5;2787;2787.5;2787;528;
eed9621b-6412-4f4b-a166-758882cc7a4c;2024-07-22T09:29:00Z;2787;2786.5;2787.5;2786;204;
eed9621b-6412-4f4b-a166-758882cc7a4c;2024-07-22T09:30:00Z;2786;2787.5;2787.5;2786;634;
eed9621b-6412-4f4b-a166-758882cc7a4c;2024-07-22T09:31:00Z;2788;2787.5;2788.5;2787;343;
eed9621b-6412-4f4b-a166-758882cc7a4c;2024-07-22T09:32:00Z;2787.5;2786.5;2788;2786.5;2368;
eed9621b-6412-4f4b-a166-758882cc7a4c;2024-07-22T09:33:00Z;2786.5;2786;2786.5;2786;314;
eed9621b-6412-4f4b-a166-758882cc7a4c;2024-07-22T09:34:00Z;2786.5;2784.5;2786.5;2782;5024;
eed9621b-6412-4f4b-a166-758882cc7a4c;2024-07-22T09:35:00Z;2784.5;2785;2785.5;2783.5;1995;
eed9621b-6412-4f4b-a166-758882cc7a4c;2024-07-22T09:36:00Z;2785;2783;2785;2782.5;998;
eed9621b-6412-4f4b-a166-758882cc7a4c;2024-07-22T09:37:00Z;2783;2784.5;2784.5;2783;254;
eed9621b-6412-4f4b-a166-758882cc7a4c;2024-07-22T09:38:00Z;2784.5;2785.5;2786;2784;624;
eed9621b-6412-4f4b-a166-758882cc7a4c;2024-07-22T09:39:00Z;2785.5;2784.5;2785.5;2784.5;77;
eed9621b-6412-4f4b-a166-758882cc7a4c;2024-07-22T09:40:00Z;2784.5;2784.5;2784.5;2783;990;
eed9621b-6412-4f4b-a166-758882cc7a4c;2024-07-22T09:41:00Z;2784.5;2784;2784.5;2784;416;
eed9621b-6412-4f4b-a166-758882cc7a4c;2024-07-22T09:42:00Z;2784;2785.5;2786;2784;998;
eed9621b-6412-4f4b-a166-758882cc7a4c;2024-07-22T09:43:00Z;2785.5;2784.5;2785.5;2783;590;
eed9621b-6412-4f4b-a166-758882cc7a4c;2024-07-22T09:44:00Z;2784.5;2784;2784.5;2783.5;778;
eed9621b-6412-4f4b-a166-758882cc7a4c;2024-07-22T09:45:00Z;2784;2784;2784.5;2784;144;
eed9621b-6412-4f4b-a166-758882cc7a4c;2024-07-22T09:46:00Z;2784;2780.5;2784;2780;7531;
eed9621b-6412-4f4b-a166-758882cc7a4c;2024-07-22T09:47:00Z;2780.5;2780;2781;2780;1738;
eed9621b-6412-4f4b-a166-758882cc7a4c;2024-07-22T09:48:00Z;2780;2780.5;2780.5;2780;999;
eed9621b-6412-4f4b-a166-758882cc7a4c;2024-07-22T09:49:00Z;2780;2782;2782.5;2780;1846;
eed9621b-6412-4f4b-a166-758882cc7a4c;2024-07-22T09:50:00Z;2782;2782.5;2782.5;2782;1933;
eed9621b-6412-4f4b-a166-758882cc7a4c;2024-07-22T09:51:00Z;2782.5;2781.5;2782.5;2781.5;4222;
eed9621b-6412-4f4b-a166-758882cc7a4c;2024-07-22T09:52:00Z;2781;2781.5;2782;2781;326;
eed9621b-6412-4f4b-a166-758882cc7a4c;2024-07-22T09:53:00Z;2781.5;2780;2781.5;2780;4344;
eed9621b-6412-4f4b-a166-758882cc7a4c;2024-07-22T09:54:00Z;2780.5;2781.5;2781.5;2780;439;
eed9621b-6412-4f4b-a166-758882cc7a4c;2024-07-22T09:55:00Z;2782;2781.5;2782;2781;272;
eed9621b-6412-4f4b-a166-758882cc7a4c;2024-07-22T09:56:00Z;2782;2783.5;2783.5;2781.5;1089;
eed9621b-6412-4f4b-a166-758882cc7a4c;2024-07-22T09:57:00Z;2783.5;2783.5;2787.5;2782.5;5227;
eed9621b-6412-4f4b-a166-758882cc7a4c;2024-07-22T09:58:00Z;2783.5;2785;2790.5;2783.5;6684;
eed9621b-6412-4f4b-a166-758882cc7a4c;2024-07-22T09:59:00Z;2785;2787;2792;2785;4010;
eed9621b-6412-4f4b-a166-758882cc7a4c;2024-07-22T10:00:00Z;2786.5;2785.5;2786.5;2785.5;637;
eed9621b-6412-4f4b-a166-758882cc7a4c;2024-07-22T10:01:00Z;2786;2787;2787;2785.5;2225;
eed9621b-6412-4f4b-a166-758882cc7a4c;2024-07-22T10:02:00Z;2787;2786;2788;2785.5;1694;
eed9621b-6412-4f4b-a166-758882cc7a4c;2024-07-22T10:03:00Z;2785.5;2786;2786;2785.5;60;
eed9621b-6412-4f4b-a166-758882cc7a4c;2024-07-22T10:04:00Z;2786;2783;2786;2783;600;
eed9621b-6412-4f4b-a166-758882cc7a4c;2024-07-22T10:05:00Z;2783;2783.5;2785.5;2783;2171;
eed9621b-6412-4f4b-a166-758882cc7a4c;2024-07-22T10:06:00Z;2783;2785.5;2785.5;2783;510;
eed9621b-6412-4f4b-a166-758882cc7a4c;2024-07-22T10:07:00Z;2785;2786;2786;2784;407;
eed9621b-6412-4f4b-a166-758882cc7a4c;2024-07-22T10:08:00Z;2786;2787;2788.5;2785;1772;
eed9621b-6412-4f4b-a166-758882cc7a4c;2024-07-22T10:09:00Z;2787.5;2787;2787.5;2787;22;
eed9621b-6412-4f4b-a166-758882cc7a4c;2024-07-22T10:10:00Z;2787;2787.5;2788;2786.5;236;
eed9621b-6412-4f4b-a166-758882cc7a4c;2024-07-22T10:11:00Z;2787.5;2793;2795;2787;3699;
eed9621b-6412-4f4b-a166-758882cc7a4c;2024-07-22T10:12:00Z;2792.5;2791.5;2792.5;2790.5;515;
eed9621b-6412-4f4b-a166-758882cc7a4c;2024-07-22T10:13:00Z;2791.5;2792.5;2792.5;2791;1188;
eed9621b-6412-4f4b-a166-758882cc7a4c;2024-07-22T10:14:00Z;2793;2791;2793.5;2791;2222;
eed9621b-6412-4f4b-a166-758882cc7a4c;2024-07-22T10:15:00Z;2791.5;2791.5;2791.5;2791;505;
eed9621b-6412-4f4b-a166-758882cc7a4c;2024-07-22T10:16:00Z;2792;2792;2792.5;2791.5;1075;
eed9621b-6412-4f4b-a166-758882cc7a4c;2024-07-22T10:17:00Z;2791.5;2791;2792;2791;1238;
eed9621b-6412-4f4b-a166-758882cc7a4c;2024-07-22T10:18:00Z;2791.5;2791;2791.5;2790;644;
eed9621b-6412-4f4b-a166-758882cc7a4c;2024-07-22T10:19:00Z;2791;2791;2791;2790;590;
eed9621b-6412-4f4b-a166-758882cc7a4c;2024-07-22T10:20:00Z;2791;2788.5;2791;2788.5;927;
eed9621b-6412-4f4b-a166-758882cc7a4c;2024-07-22T10:21:00Z;2788.5;2784.5;2788.5;2782.5;7598;
eed9621b-6412-4f4b-a166-758882cc7a4c;2024-07-22T10:22:00Z;2784;2783.5;2790;2783.5;4144;
eed9621b-6412-4f4b-a166-758882cc7a4c;2024-07-22T10:23:00Z;2783.5;2783.5;2788;2783.5;4773;
eed9621b-6412-4f4b-a166-758882cc7a4c;2024-07-22T10:24:00Z;2783.5;2784;2789;2783;6645;
eed9621b-6412-4f4b-a166-758882cc7a4c;2024-07-22T10:25:00Z;2784;2783;2784;2783;990;
eed9621b-6412-4f4b-a166-758882cc7a4c;2024-07-22T10:26:00Z;2784;2783.5;2785;2783.5;1523;
eed9621b-6412-4f4b-a166-758882cc7a4c;2024-07-22T10:27:00Z;2783.5;2784.5;2785;2783;435;
eed9621b-6412-4f4b-a166-758882cc7a4c;2024-07-22T10:28:00Z;2784.5;2784;2784.5;2783.5;206;
eed9621b-6412-4f4b-a166-758882cc7a4c;2024-07-22T10:29:00Z;2784.5;2784;2784.5;2783.5;211;
eed9621b-6412-4f4b-a166-758882cc7a4c;2024-07-22T10:30:00Z;2784;2783.5;2784;2783.5;1016;
eed9621b-6412-4f4b-a166-758882cc7a4c;2024-07-22T10:31:00Z;2783.5;2784;2784;2783.5;546;
eed9621b-6412-4f4b-a166-758882cc7a4c;2024-07-22T10:32:00Z;2783.5;2784;2784.5;2783.5;873;
eed9621b-6412-4f4b-a166-758882cc7a4c;2024-07-22T10:33:00Z;2784;2783.5;2787.5;2783.5;4353;
eed9621b-6412-4f4b-a166-758882cc7a4c;2024-07-22T10:34:00Z;2783.5;2783;2785.5;2783;2468;
eed9621b-6412-4f4b-a166-758882cc7a4c;2024-07-22T10:35:00Z;2782.5;2782;2783;2781;2783;
eed9621b-6412-4f4b-a166-758882cc7a4c;2024-07-22T10:36:00Z;2782.5;2782;2783;2780;4136;
eed9621b-6412-4f4b-a166-758882cc7a4c;2024-07-22T10:37:00Z;2781.5;2784;2784.5;2781.5;2169;
eed9621b-6412-4f4b-a166-758882cc7a4c;2024-07-22T10:38:00Z;2784;2784;2784;2783.5;1353;
eed9621b-6412-4f4b-a166-758882cc7a4c;2024-07-22T10:39:00Z;2784;2785;2785;2784;1687;
eed9621b-6412-4f4b-a166-758882cc7a4c;2024-07-22T10:40:00Z;2785.5;2786;2786.5;2785.5;1411;
eed9621b-6412-4f4b-a166-758882cc7a4c;2024-07-22T10:41:00Z;2786;2785.5;2786.5;2785.5;223;
eed9621b-6412-4f4b-a166-758882cc7a4c;2024-07-22T10:42:00Z;2785.5;2786;2786.5;2785;1947;
eed9621b-6412-4f4b-a166-758882cc7a4c;2024-07-22T10:43:00Z;2786.5;2786;2786.5;2784.5;393;
eed9621b-6412-4f4b-a166-758882cc7a4c;2024-07-22T10:44:00Z;2786;2786.5;2786.5;2786;271;
eed9621b-6412-4f4b-a166-758882cc7a4c;2024-07-22T10:45:00Z;2786.5;2786;2787.5;2786;830;
eed9621b-6412-4f4b-a166-758882cc7a4c;2024-07-22T10:46:00Z;2786;2787;2787;2786;29;
eed9621b-6412-4f4b-a166-758882cc7a4c;2024-07-22T10:47:00Z;2787;2787.5;2787.5;2786.5;463;
eed9621b-6412-4f4b-a166-758882cc7a4c;2024-07-22T10:48:00Z;2787;2786.5;2787.5;2786.5;267;
eed9621b-6412-4f4b-a166-758882cc7a4c;2024-07-22T10:49:00Z;2786.5;2786.5;2787;2786;103;
eed9621b-6412-4f4b-a166-758882cc7a4c;2024-07-22T10:50:00Z;2786;2786.5;2786.5;2786;6;
eed9621b-6412-4f4b-a166-758882cc7a4c;2024-07-22T10:51:00Z;2787;2786.5;2787;2786.5;11;
eed9621b-6412-4f4b-a166-758882cc7a4c;2024-07-22T10:52:00Z;2787;2786.5;2787;2786.5;60;
eed9621b-6412-4f4b-a166-758882cc7a4c;2024-07-22T10:53:00Z;2786.5;2785.5;2787.5;2785.5;1127;
eed9621b-6412-4f4b-a166-758882cc7a4c;2024-07-22T10:54:00Z;2785.5;2785;2786;2784.5;347;
eed9621b-6412-4f4b-a166-758882cc7a4c;2024-07-22T10:55:00Z;2785;2783.5;2785;2781.5;2956;
eed9621b-6412-4f4b-a166-758882cc7a4c;2024-07-22T10:56:00Z;2783.5;2783;2784;2783;123;
eed9621b-6412-4f4b-a166-758882cc7a4c;2024-07-22T10:57:00Z;2783.5;2784;2784;2783;357;
eed9621b-6412-4f4b-a166-758882cc7a4c;2024-07-22T10:58:00Z;2784;2784.5;2784.5;2784;115;
eed9621b-6412-4f4b-a166-758882cc7a4c;2024-07-22T10:59:00Z;2784;2785.5;2785.5;2783.5;920;
eed9621b-6412-4f4b-a166-758882cc7a4c;2024-07-22T11:00:00Z;2786;2786;2786.5;2785.5;333;
eed9621b-6412-4f4b-a166-758882cc7a4c;2024-07-22T11:01:00Z;2786;2785;2786;2785;72;
eed9621b-6412-4f4b-a166-758882cc7a4c;2024-07-22T11:02:00Z;2785;2785;2785.5;2785;73;
eed9621b-6412-4f4b-a166-758882cc7a4c;2024-07-22T11:03:00Z;2785;2785;2785;2785;65;
eed9621b-6412-4f4b-a166-758882cc7a4c;2024-07-22T11:04:00Z;2785;2786;2787.5;2785;734;
eed9621b-6412-4f4b-a166-758882cc7a4c;2024-07-22T11:05:00Z;2787;2788;2791.5;2786.5;5768;
eed9621b-6412-4f4b-a166-758882cc7a4c;2024-07-22T11:06:00Z;2789;2791.5;2791.5;2786.5;1295;
eed9621b-6412-4f4b-a166-758882cc7a4c;2024-07-22T11:07:00Z;2791.5;2789.5;2792.5;2789;2454;
eed9621b-6412-4f4b-a166-758882cc7a4c;2024-07-22T11:08:00Z;2789.5;2788.5;2791;2788;2146;
eed9621b-6412-4f4b-a166-758882cc7a4c;2024-07-22T11:09:00Z;2788.5;2789.5;2790;2787.5;2753;
eed9621b-6412-4f4b-a166-758882cc7a4c;2024-07-22T11:10:00Z;2789.5;2788.5;2789.5;2784;5091;
eed9621b-6412-4f4b-a166-758882cc7a4c;2024-07-22T11:11:00Z;2789;2788.5;2789.5;2788;426;
eed9621b-6412-4f4b-a166-758882cc7a4c;2024-07-22T11:12:00Z;2788.5;2788;2788.5;2787;522;
eed9621b-6412-4f4b-a166-758882cc7a4c;2024-07-22T11:13:00Z;2788;2788;2788;2787.5;441;
eed9621b-6412-4f4b-a166-758882cc7a4c;2024-07-22T11:14:00Z;2787.5;2788.5;2789;2787.5;1074;
eed9621b-6412-4f4b-a166-758882cc7a4c;2024-07-22T11:15:00Z;2788.5;2788;2788.5;2788;588;
eed9621b-6412-4f4b-a166-758882cc7a4c;2024-07-22T11:16:00Z;2788.5;2788;2788.5;2788;2019;
eed9621b-6412-4f4b-a166-758882cc7a4c;2024-07-22T11:17:00Z;2788;2787.5;2788;2787;806;
eed9621b-6412-4f4b-a166-758882cc7a4c;2024-07-22T11:18:00Z;2787;2787.5;2788;2787;440;
eed9621b-6412-4f4b-a166-758882cc7a4c;2024-07-22T11:19:00Z;2787.5;2787;2787.5;2787;538;
eed9621b-6412-4f4b-a166-758882cc7a4c;2024-07-22T11:20:00Z;2787;2787;2787.5;2787;209;
eed9621b-6412-4f4b-a166-758882cc7a4c;2024-07-22T11:21:00Z;2787;2786;2787;2785.5;265;
eed9621b-6412-4f4b-a166-758882cc7a4c;2024-07-22T11:22:00Z;2786;2787;2787.5;2785.5;1647;
eed9621b-6412-4f4b-a166-758882cc7a4c;2024-07-22T11:23:00Z;2787.5;2787;2787.5;2787;674;
eed9621b-6412-4f4b-a166-758882cc7a4c;2024-07-22T11:24:00Z;2787.5;2787.5;2787.5;2787;493;
eed9621b-6412-4f4b-a166-758882cc7a4c;2024-07-22T11:25:00Z;2787;2788;2788;2787;761;
eed9621b-6412-4f4b-a166-758882cc7a4c;2024-07-22T11:26:00Z;2787.5;2787.5;2788;2787;306;
eed9621b-6412-4f4b-a166-758882cc7a4c;2024-07-22T11:27:00Z;2787.5;2787.5;2789;2787.5;2406;
eed9621b-6412-4f4b-a166-758882cc7a4c;2024-07-22T11:28:00Z;2787.5;2787;2788;2787;722;
eed9621b-6412-4f4b-a166-758882cc7a4c;2024-07-22T11:29:00Z;2787;2787.5;2788.5;2786.5;1394;
eed9621b-6412-4f4b-a166-758882cc7a4c;2024-07-22T11:30:00Z;2787.5;2788;2788;2787.5;160;
eed9621b-6412-4f4b-a166-758882cc7a4c;2024-07-22T11:31:00Z;2787.5;2789;2789;2787;1609;
eed9621b-6412-4f4b-a166-758882cc7a4c;2024-07-22T11:32:00Z;2788;2787.5;2788;2787.5;208;
eed9621b-6412-4f4b-a166-758882cc7a4c;2024-07-22T11:33:00Z;2788;2787;2789.5;2787;780;
eed9621b-6412-4f4b-a166-758882cc7a4c;2024-07-22T11:34:00Z;2787;2786.5;2787;2786;797;
eed9621b-6412-4f4b-a166-758882cc7a4c;2024-07-22T11:35:00Z;2786.5;2786.5;2787.5;2786;722;
eed9621b-6412-4f4b-a166-758882cc7a4c;2024-07-22T11:36:00Z;2786.5;2786.5;2787.5;2786;764;
eed9621b-6412-4f4b-a166-758882cc7a4c;2024-07-22T11:37:00Z;2787;2787.5;2788.5;2786;1011;
eed9621b-6412-4f4b-a166-758882cc7a4c;2024-07-22T11:38:00Z;2788;2788;2788.5;2787.5;895;
eed9621b-6412-4f4b-a166-758882cc7a4c;2024-07-22T11:39:00Z;2788;2787.5;2788;2787;207;
eed9621b-6412-4f4b-a166-758882cc7a4c;2024-07-22T11:40:00Z;2787.5;2788;2788;2787.5;665;
eed9621b-6412-4f4b-a166-758882cc7a4c;2024-07-22T11:41:00Z;2788.5;2784.5;2788.5;2783.5;7131;
eed9621b-6412-4f4b-a166-758882cc7a4c;2024-07-22T11:42:00Z;2784.5;2785;2786;2784;1302;
eed9621b-6412-4f4b-a166-758882cc7a4c;2024-07-22T11:43:00Z;2785.5;2785;2786;2785;466;
eed9621b-6412-4f4b-a166-758882cc7a4c;2024-07-22T11:44:00Z;2785;2785;2786;2784.5;676;
eed9621b-6412-4f4b-a166-758882cc7a4c;2024-07-22T11:45:00Z;2785;2785.5;2786;2784;521;
eed9621b-6412-4f4b-a166-758882cc7a4c;2024-07-22T11:46:00Z;2785;2785.5;2785.5;2784.5;602;
eed9621b-6412-4f4b-a166-758882cc7a4c;2024-07-22T11:47:00Z;2785;2786.5;2786.5;2784;1184;
eed9621b-6412-4f4b-a166-758882cc7a4c;2024-07-22T11:48:00Z;2786.5;2786;2789;2785.5;2206;
eed9621b-6412-4f4b-a166-758882cc7a4c;2024-07-22T11:49:00Z;2785.5;2783.5;2785.5;2783;1276;
eed9621b-6412-4f4b-a166-758882cc7a4c;2024-07-22T11:50:00Z;2784.5;2784.5;2785;2784.5;468;
eed9621b-6412-4f4b-a166-758882cc7a4c;2024-07-22T11:51:00Z;2784.5;2784.5;2785;2784.5;754;
eed9621b-6412-4f4b-a166-758882cc7a4c;2024-07-22T11:52:00Z;2784.5;2785;2785.5;2784.5;1058;
eed9621b-6412-4f4b-a166-758882cc7a4c;2024-07-22T11:53:00Z;2785;2784.5;2785.5;2784.5;883;
eed9621b-6412-4f4b-a166-758882cc7a4c;2024-07-22T11:54:00Z;2784.5;2784;2784.5;2783.5;419;
eed9621b-6412-4f4b-a166-758882cc7a4c;2024-07-22T11:55:00Z;2784;2783;2784;2783;438;
eed9621b-6412-4f4b-a166-758882cc7a4c;2024-07-22T11:56:00Z;2784;2783.5;2784;2783;193;
eed9621b-6412-4f4b-a166-758882cc7a4c;2024-07-22T11:57:00Z;2784;2786.5;2786.5;2783;2016;
eed9621b-6412-4f4b-a166-758882cc7a4c;2024-07-22T11:58:00Z;2787;2786.5;2788.5;2784.5;1074;
eed9621b-6412-4f4b-a166-758882cc7a4c;2024-07-22T11:59:00Z;2785.5;2785.5;2786.5;2785.5;256;
eed9621b-6412-4f4b-a166-758882cc7a4c;2024-07-22T12:00:00Z;2785.5;2785.5;2786;2785;227;
eed9621b-6412-4f4b-a166-758882cc7a4c;2024-07-22T12:01:00Z;2785;2783.5;2785.5;2783.5;1401;
eed9621b-6412-4f4b-a166-758882cc7a4c;2024-07-22T12:02:00Z;2783.5;2783;2784;2783;962;
eed9621b-6412-4f4b-a166-758882cc7a4c;2024-07-22T12:03:00Z;2783.5;2782.5;2783.5;2782.5;635;
eed9621b-6412-4f4b-a166-758882cc7a4c;2024-07-22T12:04:00Z;2783;2781;2783;2780.5;2947;
eed9621b-6412-4f4b-a166-758882cc7a4c;2024-07-22T12:05:00Z;2782;2782.5;2782.5;2780;5047;
eed9621b-6412-4f4b-a166-758882cc7a4c;2024-07-22T12:06:00Z;2782;2781.5;2782;2781.5;910;
eed9621b-6412-4f4b-a166-758882cc7a4c;2024-07-22T12:07:00Z;2781.5;2782;2782.5;2781.5;1192;
eed9621b-6412-4f4b-a166-758882cc7a4c;2024-07-22T12:08:00Z;2781.5;2781.5;2781.5;2781.5;191;
eed9621b-6412-4f4b-a166-758882cc7a4c;2024-07-22T12:09:00Z;2781.5;2781.5;2782;2781;408;
eed9621b-6412-4f4b-a166-758882cc7a4c;2024-07-22T12:10:00Z;2781;2781;2781.5;2781;329;
eed9621b-6412-4f4b-a166-758882cc7a4c;2024-07-22T12:11:00Z;2781;2780.5;2782.5;2780;7107;
eed9621b-6412-4f4b-a166-758882cc7a4c;2024-07-22T12:12:00Z;2781;2781.5;2782;2780;2773;
eed9621b-6412-4f4b-a166-758882cc7a4c;2024-07-22T12:13:00Z;2781;2781.5;2782.5;2781;1471;
eed9621b-6412-4f4b-a166-758882cc7a4c;2024-07-22T12:14:00Z;2782.5;2781.5;2783;2780.5;452;
eed9621b-6412-4f4b-a166-758882cc7a4c;2024-07-22T12:15:00Z;2781.5;2777.5;2782;2776.5;5420;
eed9621b-6412-4f4b-a166-758882cc7a4c;2024-07-22T12:16:00Z;2778;2774.5;2778;2774;3506;
eed9621b-6412-4f4b-a166-758882cc7a4c;2024-07-22T12:17:00Z;2774.5;2776.5;2777;2774;2057;
eed9621b-6412-4f4b-a166-758882cc7a4c;2024-07-22T12:18:00Z;2776.5;2777;2777.5;2776.5;687;
eed9621b-6412-4f4b-a166-758882cc7a4c;2024-07-22T12:19:00Z;2777.5;2776.5;2777.5;2776.5;939;
eed9621b-6412-4f4b-a166-758882cc7a4c;2024-07-22T12:20:00Z;2776.5;2777.5;2777.5;2776.5;2939;
eed9621b-6412-4f4b-a166-758882cc7a4c;2024-07-22T12:21:00Z;2778;2778;2779;2777;914;
eed9621b-6412-4f4b-a166-758882cc7a4c;2024-07-22T12:22:00Z;2777.5;2778;2778.5;2776.5;465;
eed9621b-6412-4f4b-a166-758882cc7a4c;2024-07-22T12:23:00Z;2778.5;2779.5;2780;2777.5;977;
eed9621b-6412-4f4b-a166-758882cc7a4c;2024-07-22T12:24:00Z;2778;2777.5;2778.5;2776;1265;
eed9621b-6412-4f4b-a166-758882cc7a4c;2024-07-22T12:25:00Z;2776;2776;2776.5;2775;419;
eed9621b-6412-4f4b-a166-758882cc7a4c;2024-07-22T12:26:00Z;2776;2775.5;2776.5;2775;437;
eed9621b-6412-4f4b-a166-758882cc7a4c;2024-07-22T12:27:00Z;2775;2773;2775.5;2772;3656;
eed9621b-6412-4f4b-a166-758882cc7a4c;2024-07-22T12:28:00Z;2774;2773;2774;2772.5;1173;
eed9621b-6412-4f4b-a166-758882cc7a4c;2024-07-22T12:29:00Z;2773.5;2774;2774;2773;1759;
eed9621b-6412-4f4b-a166-758882cc7a4c;2024-07-22T12:30:00Z;2773.5;2774;2774;2773;724;
eed9621b-6412-4f4b-a166-758882cc7a4c;2024-07-22T12:31:00Z;2774;2776.5;2777;2773.5;3666;
eed9621b-6412-4f4b-a166-758882cc7a4c;2024-07-22T12:32:00Z;2777;2774.5;2777;2773;1442;
eed9621b-6412-4f4b-a166-758882cc7a4c;2024-07-22T12:33:00Z;2774;2771;2777;2771;12897;
eed9621b-6412-4f4b-a166-758882cc7a4c;2024-07-22T12:34:00Z;2771;2770.5;2771;2770;3991;
eed9621b-6412-4f4b-a166-758882cc7a4c;2024-07-22T12:35:00Z;2770.5;2769.5;2771;2768.5;1356;
eed9621b-6412-4f4b-a166-758882cc7a4c;2024-07-22T12:36:00Z;2770;2770;2771;2769;1105;
eed9621b-6412-4f4b-a166-758882cc7a4c;2024-07-22T12:37:00Z;2770;2767;2771.5;2767;3357;
eed9621b-6412-4f4b-a166-758882cc7a4c;2024-07-22T12:38:00Z;2767;2767.5;2768.5;2766.5;1754;
eed9621b-6412-4f4b-a166-758882cc7a4c;2024-07-22T12:39:00Z;2768;2768;2768.5;2767.5;905;
eed9621b-6412-4f4b-a166-758882cc7a4c;2024-07-22T12:40:00Z;2767.5;2767.5;2768;2767.5;1337;
eed9621b-6412-4f4b-a166-758882cc7a4c;2024-07-22T12:41:00Z;2767.5;2773;2773;2766.5;5496;
eed9621b-6412-4f4b-a166-758882cc7a4c;2024-07-22T12:42:00Z;2773;2767;2773.5;2766.5;6373;
eed9621b-6412-4f4b-a166-758882cc7a4c;2024-07-22T12:43:00Z;2767;2765.5;2768;2765;3775;
eed9621b-6412-4f4b-a166-758882cc7a4c;2024-07-22T12:44:00Z;2765.5;2761.5;2766;2760.5;7050;
eed9621b-6412-4f4b-a166-758882cc7a4c;2024-07-22T12:45:00Z;2761;2767.5;2767.5;2761;6331;
eed9621b-6412-4f4b-a166-758882cc7a4c;2024-07-22T12:46:00Z;2767.5;2765.5;2768;2764.5;1145;
eed9621b-6412-4f4b-a166-758882cc7a4c;2024-07-22T12:47:00Z;2764.5;2766;2768;2764;943;
eed9621b-6412-4f4b-a166-758882cc7a4c;2024-07-22T12:48:00Z;2766.5;2767;2767;2766;708;
eed9621b-6412-4f4b-a166-758882cc7a4c;2024-07-22T12:49:00Z;2767;2766;2767.5;2766;1415;
eed9621b-6412-4f4b-a166-758882cc7a4c;2024-07-22T12:50:00Z;2766;2767.5;2771;2765.5;3659;
eed9621b-6412-4f4b-a166-758882cc7a4c;2024-07-22T12:51:00Z;2767.5;2769;2770;2767.5;2573;
eed9621b-6412-4f4b-a166-758882cc7a4c;2024-07-22T12:52:00Z;2769.5;2769.5;2771;2768.5;1175;
eed9621b-6412-4f4b-a166-758882cc7a4c;2024-07-22T12:53:00Z;2769.5;2770;2770;2769;502;
eed9621b-6412-4f4b-a166-758882cc7a4c;2024-07-22T12:54:00Z;2769.5;2769.5;2771;2768;1267;
eed9621b-6412-4f4b-a166-758882cc7a4c;2024-07-22T12:55:00Z;2768;2769;2770;2767;3516;
eed9621b-6412-4f4b-a166-758882cc7a4c;2024-07-22T12:56:00Z;2767.5;2767;2769;2767;396;
eed9621b-6412-4f4b-a166-758882cc7a4c;2024-07-22T12:57:00Z;2767.5;2766.5;2767.5;2766;671;
eed9621b-6412-4f4b-a166-758882cc7a4c;2024-07-22T12:58:00Z;2766.5;2767;2767;2766;892;
eed9621b-6412-4f4b-a166-758882cc7a4c;2024-07-22T12:59:00Z;2767;2766;2768;2766;869;
eed9621b-6412-4f4b-a166-758882cc7a4c;2024-07-22T13:00:00Z;2766;2764;2766;2764;1290;
eed9621b-6412-4f4b-a166-758882cc7a4c;2024-07-22T13:01:00Z;2764;2759.5;2764;2758.5;5316;
eed9621b-6412-4f4b-a166-758882cc7a4c;2024-07-22T13:02:00Z;2759.5;2760.5;2762;2759;837;
eed9621b-6412-4f4b-a166-758882cc7a4c;2024-07-22T13:03:00Z;2760.5;2761;2762.5;2757;4323;
eed9621b-6412-4f4b-a166-758882cc7a4c;2024-07-22T13:04:00Z;2761.5;2765.5;2765.5;2761;3172;
eed9621b-6412-4f4b-a166-758882cc7a4c;2024-07-22T13:05:00Z;2766;2765;2767;2765;1565;
eed9621b-6412-4f4b-a166-758882cc7a4c;2024-07-22T13:06:00Z;2765.5;2765;2766.5;2765;623;
eed9621b-6412-4f4b-a166-758882cc7a4c;2024-07-22T13:07:00Z;2765;2765;2765.5;2764;802;
eed9621b-6412-4f4b-a166-758882cc7a4c;2024-07-22T13:08:00Z;2764.5;2762.5;2764.5;2762.5;2241;
eed9621b-6412-4f4b-a166-758882cc7a4c;2024-07-22T13:09:00Z;2762.5;2763.5;2764;2762.5;772;
eed9621b-6412-4f4b-a166-758882cc7a4c;2024-07-22T13:10:00Z;2763;2764;2771;2762.5;7368;
eed9621b-6412-4f4b-a166-758882cc7a4c;2024-07-22T13:11:00Z;2764;2764;2767;2762.5;4503;
eed9621b-6412-4f4b-a166-758882cc7a4c;2024-07-22T13:12:00Z;2764.5;2765;2770;2762.5;5461;
eed9621b-6412-4f4b-a166-758882cc7a4c;2024-07-22T13:13:00Z;2764;2760.5;2765;2760.5;4009;
eed9621b-6412-4f4b-a166-758882cc7a4c;2024-07-22T13:14:00Z;2761.5;2760.5;2762.5;2760;816;
eed9621b-6412-4f4b-a166-758882cc7a4c;2024-07-22T13:15:00Z;2760;2756.5;2760.5;2756;3857;
eed9621b-6412-4f4b-a166-758882cc7a4c;2024-07-22T13:16:00Z;2756.5;2760;2762;2753.5;9875;
eed9621b-6412-4f4b-a166-758882cc7a4c;2024-07-22T13:17:00Z;2760;2758;2763;2758;7227;
eed9621b-6412-4f4b-a166-758882cc7a4c;2024-07-22T13:18:00Z;2758.5;2763.5;2765.5;2758.5;4053;
eed9621b-6412-4f4b-a166-758882cc7a4c;2024-07-22T13:19:00Z;2763.5;2769;2770;2761.5;12086;
eed9621b-6412-4f4b-a166-758882cc7a4c;2024-07-22T13:20:00Z;2769;2765;2770;2764.5;4637;
eed9621b-6412-4f4b-a166-758882cc7a4c;2024-07-22T13:21:00Z;2765.5;2773;2776.5;2765;13170;
eed9621b-6412-4f4b-a166-758882cc7a4c;2024-07-22T13:22:00Z;2774.5;2777.5;2778;2772;11019;
eed9621b-6412-4f4b-a166-758882cc7a4c;2024-07-22T13:23:00Z;2777.5;2771.5;2777.5;2771;2028;
eed9621b-6412-4f4b-a166-758882cc7a4c;2024-07-22T13:24:00Z;2772;2779.5;2782;2772;14079;
eed9621b-6412-4f4b-a166-758882cc7a4c;2024-07-22T13:25:00Z;2779.5;2782.5;2785;2777;11503;
eed9621b-6412-4f4b-a166-758882cc7a4c;2024-07-22T13:26:00Z;2782.5;2784;2785;2780;12736;
eed9621b-6412-4f4b-a166-758882cc7a4c;2024-07-22T13:27:00Z;2783;2783;2785;2782;3547;
eed9621b-6412-4f4b-a166-758882cc7a4c;2024-07-22T13:28:00Z;2783.5;2781;2784;2781;2702;
eed9621b-6412-4f4b-a166-758882cc7a4c;2024-07-22T13:29:00Z;2781;2781.5;2782;2780;2662;
eed9621b-6412-4f4b-a166-758882cc7a4c;2024-07-22T13:30:00Z;2781.5;2771;2782;2768.5;10695;
eed9621b-6412-4f4b-a166-758882cc7a4c;2024-07-22T13:31:00Z;2770;2772;2773;2769.5;3796;
eed9621b-6412-4f4b-a166-758882cc7a4c;2024-07-22T13:32:00Z;2772;2772;2772.5;2771;550;
eed9621b-6412-4f4b-a166-758882cc7a4c;2024-07-22T13:33:00Z;2772;2765.5;2772;2765.5;2774;
eed9621b-6412-4f4b-a166-758882cc7a4c;2024-07-22T13:34:00Z;2767;2768.5;2769;2765;3958;
eed9621b-6412-4f4b-a166-758882cc7a4c;2024-07-22T13:35:00Z;2767.5;2769.5;2771.5;2767;2762;
eed9621b-6412-4f4b-a166-758882cc7a4c;2024-07-22T13:36:00Z;2769.5;2772.5;2772.5;2769.5;1976;
eed9621b-6412-4f4b-a166-758882cc7a4c;2024-07-22T13:37:00Z;2772.5;2770.5;2773;2770.5;2932;
eed9621b-6412-4f4b-a166-758882cc7a4c;2024-07-22T13:38:00Z;2770;2764.5;2770;2764;4592;
eed9621b-6412-4f4b-a166-758882cc7a4c;2024-07-22T13:39:00Z;2765.5;2770;2772;2765;4868;
eed9621b-6412-4f4b-a166-758882cc7a4c;2024-07-22T13:40:00Z;2769.5;2771.5;2772.5;2769.5;1046;
eed9621b-6412-4f4b-a166-758882cc7a4c;2024-07-22T13:41:00Z;2772;2771;2772;2770;440;
eed9621b-6412-4f4b-a166-758882cc7a4c;2024-07-22T13:42:00Z;2770.5;2770;2771.5;2770;467;
eed9621b-6412-4f4b-a166-758882cc7a4c;2024-07-22T13:43:00Z;2770.5;2772;2772;2770;434;
eed9621b-6412-4f4b-a166-758882cc7a4c;2024-07-22T13:44:00Z;2772;2777;2777.5;2770.5;3789;
eed9621b-6412-4f4b-a166-758882cc7a4c;2024-07-22T13:45:00Z;2777;2781;2781;2777;2729;
eed9621b-6412-4f4b-a166-758882cc7a4c;2024-07-22T13:46:00Z;2781;2781.5;2781.5;2777;3172;
eed9621b-6412-4f4b-a166-758882cc7a4c;2024-07-22T13:47:00Z;2782;2775;2782;2773;4762;
eed9621b-6412-4f4b-a166-758882cc7a4c;2024-07-22T13:48:00Z;2776;2778;2779.5;2775.5;941;
eed9621b-6412-4f4b-a166-758882cc7a4c;2024-07-22T13:49:00Z;2778;2776.5;2779;2775.5;752;
eed9621b-6412-4f4b-a166-758882cc7a4c;2024-07-22T13:50:00Z;2776;2777.5;2778.5;2776;475;
eed9621b-6412-4f4b-a166-758882cc7a4c;2024-07-22T13:51:00Z;2778.5;2775;2779;2775;1480;
eed9621b-6412-4f4b-a166-758882cc7a4c;2024-07-22T13:52:00Z;2776;2777;2777.5;2775;773;
eed9621b-6412-4f4b-a166-758882cc7a4c;2024-07-22T13:53:00Z;2777;2777.5;2777.5;2776;717;
eed9621b-6412-4f4b-a166-758882cc7a4c;2024-07-22T13:54:00Z;2777.5;2782;2783;2777.5;5117;
eed9621b-6412-4f4b-a166-758882cc7a4c;2024-07-22T13:55:00Z;2783;2781;2783;2779;1865;
eed9621b-6412-4f4b-a166-758882cc7a4c;2024-07-22T13:56:00Z;2780.5;2777;2781.5;2777;922;
eed9621b-6412-4f4b-a166-758882cc7a4c;2024-07-22T13:57:00Z;2777.5;2776;2777.5;2775.5;773;
eed9621b-6412-4f4b-a166-758882cc7a4c;2024-07-22T13:58:00Z;2776;2773.5;2776.5;2773.5;2085;
eed9621b-6412-4f4b-a166-758882cc7a4c;2024-07-22T13:59:00Z;2773.5;2776.5;2777.5;2771.5;3037;
eed9621b-6412-4f4b-a166-758882cc7a4c;2024-07-22T14:00:00Z;2776.5;2775;2777.5;2775;1218;
eed9621b-6412-4f4b-a166-758882cc7a4c;2024-07-22T14:01:00Z;2776;2775.5;2776.5;2774;829;
eed9621b-6412-4f4b-a166-758882cc7a4c;2024-07-22T14:02:00Z;2774.5;2772.5;2774.5;2771;1388;
eed9621b-6412-4f4b-a166-758882cc7a4c;2024-07-22T14:03:00Z;2771.5;2774;2774;2771;685;
eed9621b-6412-4f4b-a166-758882cc7a4c;2024-07-22T14:04:00Z;2773.5;2774;2774.5;2772.5;1113;
eed9621b-6412-4f4b-a166-758882cc7a4c;2024-07-22T14:05:00Z;2773;2773.5;2774.5;2772.5;356;
eed9621b-6412-4f4b-a166-758882cc7a4c;2024-07-22T14:06:00Z;2773.5;2772.5;2774;2771.5;412;
eed9621b-6412-4f4b-a166-758882cc7a4c;2024-07-22T14:07:00Z;2771.5;2769;2771.5;2769;2136;
eed9621b-6412-4f4b-a166-758882cc7a4c;2024-07-22T14:08:00Z;2769.5;2771.5;2772.5;2769;1688;
eed9621b-6412-4f4b-a166-758882cc7a4c;2024-07-22T14:09:00Z;2772;2769;2772;2769;1815;
eed9621b-6412-4f4b-a166-758882cc7a4c;2024-07-22T14:10:00Z;2769.5;2770;2771;2769;1987;
eed9621b-6412-4f4b-a166-758882cc7a4c;2024-07-22T14:11:00Z;2770;2769;2770.5;2769;2356;
eed9621b-6412-4f4b-a166-758882cc7a4c;2024-07-22T14:12:00Z;2770;2768.5;2770;2768;1260;
eed9621b-6412-4f4b-a166-758882cc7a4c;2024-07-22T14:13:00Z;2768.5;2769;2769;2767.5;1296;
eed9621b-6412-4f4b-a166-758882cc7a4c;2024-07-22T14:14:00Z;2768.5;2769;2770;2767.5;2498;
eed9621b-6412-4f4b-a166-758882cc7a4c;2024-07-22T14:15:00Z;2768.5;2768;2770;2768;3614;
eed9621b-6412-4f4b-a166-758882cc7a4c;2024-07-22T14:16:00Z;2769;2767;2769.5;2766.5;1764;
eed9621b-6412-4f4b-a166-758882cc7a4c;2024-07-22T14:17:00Z;2767;2766.5;2769;2765.5;3475;
eed9621b-6412-4f4b-a166-758882cc7a4c;2024-07-22T14:18:00Z;2766.5;2763;2767.5;2762.5;6302;
eed9621b-6412-4f4b-a166-758882cc7a4c;2024-07-22T14:19:00Z;2763.5;2764;2765;2762;1978;
eed9621b-6412-4f4b-a166-758882cc7a4c;2024-07-22T14:20:00Z;2764.5;2765.5;2767;2763.5;2866;
eed9621b-6412-4f4b-a166-758882cc7a4c;2024-07-22T14:21:00Z;2765.5;2764.5;2765.5;2762.5;1957;
eed9621b-6412-4f4b-a166-758882cc7a4c;2024-07-22T14:22:00Z;2765;2762;2765;2762;1006;
eed9621b-6412-4f4b-a166-758882cc7a4c;2024-07-22T14:23:00Z;2762;2762;2762.5;2761.5;1459;
eed9621b-6412-4f4b-a166-758882cc7a4c;2024-07-22T14:24:00Z;2762;2760.5;2762;2760;2628;
eed9621b-6412-4f4b-a166-758882cc7a4c;2024-07-22T14:25:00Z;2760.5;2761;2762;2760;1924;
eed9621b-6412-4f4b-a166-758882cc7a4c;2024-07-22T14:26:00Z;2761;2761.5;2762.5;2760;1684;
eed9621b-6412-4f4b-a166-758882cc7a4c;2024-07-22T14:27:00Z;2761;2760.5;2761.5;2760;1201;
eed9621b-6412-4f4b-a166-758882cc7a4c;2024-07-22T14:28:00Z;2760.5;2760.5;2761;2759.5;1751;
eed9621b-6412-4f4b-a166-758882cc7a4c;2024-07-22T14:29:00Z;2760.5;2758;2761;2757.5;3028;
eed9621b-6412-4f4b-a166-758882cc7a4c;2024-07-22T14:30:00Z;2757.5;2757.5;2760;2755.5;3567;
eed9621b-6412-4f4b-a166-758882cc7a4c;2024-07-22T14:31:00Z;2757.5;2757.5;2759;2756;2164;
eed9621b-6412-4f4b-a166-758882cc7a4c;2024-07-22T14:32:00Z;2758;2756.5;2759.5;2756;1459;
eed9621b-6412-4f4b-a166-758882cc7a4c;2024-07-22T14:33:00Z;2756.5;2756;2758;2756;5235;
eed9621b-6412-4f4b-a166-758882cc7a4c;2024-07-22T14:34:00Z;2756;2754;2756.5;2751.5;12918;
eed9621b-6412-4f4b-a166-758882cc7a4c;2024-07-22T14:35:00Z;2754;2754.5;2755;2752;2656;
eed9621b-6412-4f4b-a166-758882cc7a4c;2024-07-22T14:36:00Z;2754.5;2755;2757;2753;4782;
eed9621b-6412-4f4b-a166-758882cc7a4c;2024-07-22T14:37:00Z;2754.5;2758;2758;2753.5;2626;
eed9621b-6412-4f4b-a166-758882cc7a4c;2024-07-22T14:38:00Z;2757.5;2757;2758.5;2756;3451;
eed9621b-6412-4f4b-a166-758882cc7a4c;2024-07-22T14:39:00Z;2756;2757;2757.5;2756;5062;
eed9621b-6412-4f4b-a166-758882cc7a4c;2024-07-22T14:40:00Z;2757;2758;2758;2756.5;1721;
eed9621b-6412-4f4b-a166-758882cc7a4c;2024-07-22T14:41:00Z;2758;2758;2758.5;2756.5;3961;
eed9621b-6412-4f4b-a166-758882cc7a4c;2024-07-22T14:42:00Z;2758;2756.5;2758.5;2756.5;2069;
eed9621b-6412-4f4b-a166-758882cc7a4c;2024-07-22T14:43:00Z;2757;2756;2757;2755.5;1099;
eed9621b-6412-4f4b-a166-758882cc7a4c;2024-07-22T14:44:00Z;2756;2755;2756;2754.5;953;
eed9621b-6412-4f4b-a166-758882cc7a4c;2024-07-22T14:45:00Z;2755.5;2759.5;2760.5;2755;3775;
eed9621b-6412-4f4b-a166-758882cc7a4c;2024-07-22T14:46:00Z;2758;2756.5;2758;2756;2014;
eed9621b-6412-4f4b-a166-758882cc7a4c;2024-07-22T14:47:00Z;2757.5;2756.5;2757.5;2756;2079;
eed9621b-6412-4f4b-a166-758882cc7a4c;2024-07-22T14:48:00Z;2756.5;2757.5;2758.5;2756;1392;
eed9621b-6412-4f4b-a166-758882cc7a4c;2024-07-22T14:49:00Z;2757;2757;2757.5;2756;1587;
eed9621b-6412-4f4b-a166-758882cc7a4c;2024-07-22T14:50:00Z;2757;2759;2760;2757;3309;
eed9621b-6412-4f4b-a166-758882cc7a4c;2024-07-22T14:51:00Z;2759;2760;2760.5;2759;2936;
eed9621b-6412-4f4b-a166-758882cc7a4c;2024-07-22T14:52:00Z;2760.5;2759.5;2760.5;2759;2623;
eed9621b-6412-4f4b-a166-758882cc7a4c;2024-07-22T14:53:00Z;2759.5;2759.5;2761.5;2759;4636;
eed9621b-6412-4f4b-a166-758882cc7a4c;2024-07-22T14:54:00Z;2760;2761;2761.5;2759.5;1454;
eed9621b-6412-4f4b-a166-758882cc7a4c;2024-07-22T14:55:00Z;2760.5;2762;2763;2760;4665;
eed9621b-6412-4f4b-a166-758882cc7a4c;2024-07-22T14:56:00Z;2762;2761;2762;2760;1366;
eed9621b-6412-4f4b-a166-758882cc7a4c;2024-07-22T14:57:00Z;2760.5;2761;2762;2760.5;1869;
eed9621b-6412-4f4b-a166-758882cc7a4c;2024-07-22T14:58:00Z;2761;2760.5;2761;2759.5;1395;
eed9621b-6412-4f4b-a166-758882cc7a4c;2024-07-22T14:59:00Z;2760;2759.5;2761;2758.5;1733;
eed9621b-6412-4f4b-a166-758882cc7a4c;2024-07-22T15:00:00Z;2760;2760;2761;2759;5855;
eed9621b-6412-4f4b-a166-758882cc7a4c;2024-07-22T15:01:00Z;2760;2761.5;2761.5;2759;4195;
eed9621b-6412-4f4b-a166-758882cc7a4c;2024-07-22T15:02:00Z;2761.5;2763;2763.5;2761;10382;
eed9621b-6412-4f4b-a166-758882cc7a4c;2024-07-22T15:03:00Z;2763.5;2761.5;2764;2760.5;3239;
eed9621b-6412-4f4b-a166-758882cc7a4c;2024-07-22T15:04:00Z;2761.5;2764.5;2765;2761.5;15201;
eed9621b-6412-4f4b-a166-758882cc7a4c;2024-07-22T15:05:00Z;2763.5;2764;2764.5;2762;2320;
eed9621b-6412-4f4b-a166-758882cc7a4c;2024-07-22T15:06:00Z;2764;2763;2764;2762;1971;
eed9621b-6412-4f4b-a166-758882cc7a4c;2024-07-22T15:07:00Z;2763;2762.5;2763.5;2761;1855;
eed9621b-6412-4f4b-a166-758882cc7a4c;2024-07-22T15:08:00Z;2762.5;2763.5;2765;2761.5;6781;
eed9621b-6412-4f4b-a166-758882cc7a4c;2024-07-22T15:09:00Z;2763;2774;2774;2762.5;34573;
eed9621b-6412-4f4b-a166-758882cc7a4c;2024-07-22T15:10:00Z;2774;2777;2779.5;2772.5;14307;
eed9621b-6412-4f4b-a166-758882cc7a4c;2024-07-22T15:11:00Z;2776.5;2777;2778.5;2776.5;4488;
eed9621b-6412-4f4b-a166-758882cc7a4c;2024-07-22T15:12:00Z;2777.5;2781.5;2782;2777;8544;
eed9621b-6412-4f4b-a166-758882cc7a4c;2024-07-22T15:13:00Z;2781.5;2778;2782;2778;11059;
eed9621b-6412-4f4b-a166-758882cc7a4c;2024-07-22T15:14:00Z;2778.5;2773;2779.5;2771;8649;
eed9621b-6412-4f4b-a166-758882cc7a4c;2024-07-22T15:15:00Z;2774;2777;2778.5;2773.5;4199;
eed9621b-6412-4f4b-a166-758882cc7a4c;2024-07-22T15:16:00Z;2776;2776;2776.5;2773.5;1803;
eed9621b-6412-4f4b-a166-758882cc7a4c;2024-07-22T15:17:00Z;2776;2772;2776;2770;12746;
eed9621b-6412-4f4b-a166-758882cc7a4c;2024-07-22T15:18:00Z;2772.5;2769.5;2772.5;2767.5;4434;
eed9621b-6412-4f4b-a166-758882cc7a4c;2024-07-22T15:19:00Z;2768.5;2770;2772;2768;7089;
eed9621b-6412-4f4b-a166-758882cc7a4c;2024-07-22T15:20:00Z;2771.5;2770.5;2771.5;2769;721;
eed9621b-6412-4f4b-a166-758882cc7a4c;2024-07-22T15:21:00Z;2771;2770.5;2771.5;2769.5;823;
eed9621b-6412-4f4b-a166-758882cc7a4c;2024-07-22T15:22:00Z;2770.5;2771;2771.5;2770;683;
eed9621b-6412-4f4b-a166-758882cc7a4c;2024-07-22T15:23:00Z;2771;2771;2771;2769;799;
eed9621b-6412-4f4b-a166-758882cc7a4c;2024-07-22T15:24:00Z;2770.5;2766;2771;2764.5;3300;
eed9621b-6412-4f4b-a166-758882cc7a4c;2024-07-22T15:25:00Z;2767;2768.5;2769.5;2766.5;1618;
eed9621b-6412-4f4b-a166-758882cc7a4c;2024-07-22T15:26:00Z;2768.5;2771;2772.5;2768.5;2126;
eed9621b-6412-4f4b-a166-758882cc7a4c;2024-07-22T15:27:00Z;2771;2773;2773.5;2769.5;5904;
eed9621b-6412-4f4b-a166-758882cc7a4c;2024-07-22T15:28:00Z;2773;2771.5;2773.5;2770.5;1160;
eed9621b-6412-4f4b-a166-758882cc7a4c;2024-07-22T15:29:00Z;2771.5;2772;2773.5;2770.5;827;
eed9621b-6412-4f4b-a166-758882cc7a4c;2024-07-22T15:30:00Z;2772;2768.5;2772.5;2768.5;1751;
eed9621b-6412-4f4b-a166-758882cc7a4c;2024-07-22T15:31:00Z;2769;2767;2769;2766;5032;
eed9621b-6412-4f4b-a166-758882cc7a4c;2024-07-22T15:32:00Z;2767;2767;2768.5;2766;599;
eed9621b-6412-4f4b-a166-758882cc7a4c;2024-07-22T15:33:00Z;2767;2766.5;2767.5;2766;1447;
eed9621b-6412-4f4b-a166-758882cc7a4c;2024-07-22T15:34:00Z;2766;2766;2766.5;2765.5;1739;
eed9621b-6412-4f4b-a166-758882cc7a4c;2024-07-22T15:35:00Z;2766;2767;2767;2765.5;1357;
eed9621b-6412-4f4b-a166-758882cc7a4c;2024-07-22T15:36:00Z;2766.5;2766.5;2766.5;2766;1250;
eed9621b-6412-4f4b-a166-758882cc7a4c;2024-07-22T15:37:00Z;2766.5;2767;2767;2766.5;797;
eed9621b-6412-4f4b-a166-758882cc7a4c;2024-07-22T15:38:00Z;2767;2767;2768;2766;490;
eed9621b-6412-4f4b-a166-758882cc7a4c;2024-07-22T15:39:00Z;2767;2768.5;2769;2766.5;1279;
eed9621b-6412-4f4b-a166-758882cc7a4c;2024-07-22T15:45:00Z;2768.5;2768.5;2768.5;2768.5;1126;
eed9621b-6412-4f4b-a166-758882cc7a4c;2024-07-22T15:46:00Z;2768.5;2768.5;2768.5;2768.5;126;
eed9621b-6412-4f4b-a166-758882cc7a4c;2024-07-22T15:47:00Z;2768.5;2768.5;2768.5;2768.5;10;
eed9621b-6412-4f4b-a166-758882cc7a4c;2024-07-22T15:48:00Z;2768.5;2768.5;2768.5;2768.5;3374;
eed9621b-6412-4f4b-a166-758882cc7a4c;2024-07-22T15:49:00Z;2768.5;2768.5;2768.5;2768.5;351;
eed9621b-6412-4f4b-a166-758882cc7a4c;2024-07-22T16:04:00Z;2769;2769;2769;2769;507;
eed9621b-6412-4f4b-a166-758882cc7a4c;2024-07-22T16:05:00Z;2769.5;2768;2769.5;2768;1337;
eed9621b-6412-4f4b-a166-758882cc7a4c;2024-07-22T16:06:00Z;2768;2766.5;2768.5;2766.5;478;
eed9621b-6412-4f4b-a166-758882cc7a4c;2024-07-22T16:07:00Z;2766.5;2766;2767;2766;333;
eed9621b-6412-4f4b-a166-758882cc7a4c;2024-07-22T16:08:00Z;2766;2768;2768;2766;1133;
eed9621b-6412-4f4b-a166-758882cc7a4c;2024-07-22T16:09:00Z;2767.5;2767;2767.5;2766.5;173;
eed9621b-6412-4f4b-a166-758882cc7a4c;2024-07-22T16:10:00Z;2766.5;2762;2767;2761;5390;
eed9621b-6412-4f4b-a166-758882cc7a4c;2024-07-22T16:11:00Z;2762;2763.5;2765;2761.5;368;
eed9621b-6412-4f4b-a166-758882cc7a4c;2024-07-22T16:12:00Z;2764;2765.5;2765.5;2763.5;546;
eed9621b-6412-4f4b-a166-758882cc7a4c;2024-07-22T16:13:00Z;2764;2764.5;2765.5;2764;311;
eed9621b-6412-4f4b-a166-758882cc7a4c;2024-07-22T16:14:00Z;2764.5;2763.5;2764.5;2763.5;415;
eed9621b-6412-4f4b-a166-758882cc7a4c;2024-07-22T16:15:00Z;2763.5;2764;2765;2763.5;343;
eed9621b-6412-4f4b-a166-758882cc7a4c;2024-07-22T16:16:00Z;2764;2764;2765;2764;118;
eed9621b-6412-4f4b-a166-758882cc7a4c;2024-07-22T16:17:00Z;2764;2762;2764;2762;1035;
eed9621b-6412-4f4b-a166-758882cc7a4c;2024-07-22T16:18:00Z;2762;2762;2762.5;2762;188;
eed9621b-6412-4f4b-a166-758882cc7a4c;2024-07-22T16:19:00Z;2762.5;2760.5;2762.5;2760;1010;
eed9621b-6412-4f4b-a166-758882cc7a4c;2024-07-22T16:20:00Z;2760.5;2760;2760.5;2760;600;
eed9621b-6412-4f4b-a166-758882cc7a4c;2024-07-22T16:21:00Z;2760.5;2759;2760.5;2759;1121;
eed9621b-6412-4f4b-a166-758882cc7a4c;2024-07-22T16:22:00Z;2759.5;2759.5;2761.5;2759;314;
eed9621b-6412-4f4b-a166-758882cc7a4c;2024-07-22T16:23:00Z;2759.5;2760.5;2761;2759.5;287;
eed9621b-6412-4f4b-a166-758882cc7a4c;2024-07-22T16:24:00Z;2760.5;2760.5;2761;2760;263;
eed9621b-6412-4f4b-a166-758882cc7a4c;2024-07-22T16:25:00Z;2760.5;2760.5;2761;2760.5;117;
eed9621b-6412-4f4b-a166-758882cc7a4c;2024-07-22T16:26:00Z;2760.5;2761;2761;2760.5;513;
eed9621b-6412-4f4b-a166-758882cc7a4c;2024-07-22T16:27:00Z;2760.5;2760;2761;2759.5;866;
eed9621b-6412-4f4b-a166-758882cc7a4c;2024-07-22T16:28:00Z;2759.5;2760.5;2761;2759.5;397;
eed9621b-6412-4f4b-a166-758882cc7a4c;2024-07-22T16:29:00Z;2760.5;2759.5;2761;2759.5;432;
eed9621b-6412-4f4b-a166-758882cc7a4c;2024-07-22T16:30:00Z;2759.5;2760;2760;2759;774;
eed9621b-6412-4f4b-a166-758882cc7a4c;2024-07-22T16:31:00Z;2760;2760.5;2760.5;2760;265;
eed9621b-6412-4f4b-a166-758882cc7a4c;2024-07-22T16:32:00Z;2760;2759;2760.5;2759;542;
eed9621b-6412-4f4b-a166-758882cc7a4c;2024-07-22T16:33:00Z;2759;2759;2759.5;2759;351;
eed9621b-6412-4f4b-a166-758882cc7a4c;2024-07-22T16:34:00Z;2759;2760;2760;2759;510;
eed9621b-6412-4f4b-a166-758882cc7a4c;2024-07-22T16:35:00Z;2759;2759;2760;2759;186;
eed9621b-6412-4f4b-a166-758882cc7a4c;2024-07-22T16:36:00Z;2759;2760.5;2761;2759;683;
eed9621b-6412-4f4b-a166-758882cc7a4c;2024-07-22T16:37:00Z;2760.5;2761.5;2761.5;2759.5;1087;
eed9621b-6412-4f4b-a166-758882cc7a4c;2024-07-22T16:38:00Z;2761;2760.5;2761.5;2760.5;734;
eed9621b-6412-4f4b-a166-758882cc7a4c;2024-07-22T16:39:00Z;2760;2761;2761.5;2760;481;
eed9621b-6412-4f4b-a166-758882cc7a4c;2024-07-22T16:40:00Z;2761;2760.5;2761.5;2760.5;333;
eed9621b-6412-4f4b-a166-758882cc7a4c;2024-07-22T16:41:00Z;2760.5;2760.5;2761;2760;270;
eed9621b-6412-4f4b-a166-758882cc7a4c;2024-07-22T16:42:00Z;2760.5;2759.5;2761;2759;1845;
eed9621b-6412-4f4b-a166-758882cc7a4c;2024-07-22T16:43:00Z;2759.5;2760;2761;2759.5;837;
eed9621b-6412-4f4b-a166-758882cc7a4c;2024-07-22T16:44:00Z;2760;2759.5;2761;2759;959;
eed9621b-6412-4f4b-a166-758882cc7a4c;2024-07-22T16:45:00Z;2760;2759.5;2760.5;2759.5;178;
eed9621b-6412-4f4b-a166-758882cc7a4c;2024-07-22T16:46:00Z;2759.5;2760.5;2760.5;2759.5;223;
eed9621b-6412-4f4b-a166-758882cc7a4c;2024-07-22T16:47:00Z;2760.5;2761;2761;2760.5;234;
eed9621b-6412-4f4b-a166-758882cc7a4c;2024-07-22T16:48:00Z;2760.5;2760.5;2761;2760.5;209;
eed9621b-6412-4f4b-a166-758882cc7a4c;2024-07-22T16:49:00Z;2760.5;2761;2761;2760;346;
eed9621b-6412-4f4b-a166-758882cc7a4c;2024-07-22T16:50:00Z;2760;2760.5;2761;2759.5;489;
eed9621b-6412-4f4b-a166-758882cc7a4c;2024-07-22T16:51:00Z;2761;2761.5;2761.5;2760.5;768;
eed9621b-6412-4f4b-a166-758882cc7a4c;2024-07-22T16:52:00Z;2761;2762;2762.5;2761;642;
eed9621b-6412-4f4b-a166-758882cc7a4c;2024-07-22T16:53:00Z;2762.5;2763;2763;2762;565;
eed9621b-6412-4f4b-a166-758882cc7a4c;2024-07-22T16:54:00Z;2763;2765.5;2766;2763;703;
eed9621b-6412-4f4b-a166-758882cc7a4c;2024-07-22T16:55:00Z;2765.5;2763;2766;2763;302;
eed9621b-6412-4f4b-a166-758882cc7a4c;2024-07-22T16:56:00Z;2763;2764;2765.5;2763;407;
eed9621b-6412-4f4b-a166-758882cc7a4c;2024-07-22T16:57:00Z;2763;2763.5;2764.5;2763;433;
eed9621b-6412-4f4b-a166-758882cc7a4c;2024-07-22T16:58:00Z;2763;2763.5;2763.5;2763;250;
eed9621b-6412-4f4b-a166-758882cc7a4c;2024-07-22T16:59:00Z;2763.5;2764;2764.5;2763.5;180;
eed9621b-6412-4f4b-a166-758882cc7a4c;2024-07-22T17:00:00Z;2764;2763.5;2764.5;2763.5;157;
eed9621b-6412-4f4b-a166-758882cc7a4c;2024-07-22T17:01:00Z;2763.5;2760;2763.5;2759;6226;
eed9621b-6412-4f4b-a166-758882cc7a4c;2024-07-22T17:02:00Z;2759.5;2759.5;2761.5;2759.5;269;
eed9621b-6412-4f4b-a166-758882cc7a4c;2024-07-22T17:03:00Z;2760;2760;2761;2759.5;588;
eed9621b-6412-4f4b-a166-758882cc7a4c;2024-07-22T17:04:00Z;2761;2760;2761;2760;111;
eed9621b-6412-4f4b-a166-758882cc7a4c;2024-07-22T17:05:00Z;2760;2760;2760.5;2760;342;
eed9621b-6412-4f4b-a166-758882cc7a4c;2024-07-22T17:06:00Z;2760.5;2760.5;2760.5;2760;386;
eed9621b-6412-4f4b-a166-758882cc7a4c;2024-07-22T17:07:00Z;2760.5;2761;2761;2760;456;
eed9621b-6412-4f4b-a166-758882cc7a4c;2024-07-22T17:08:00Z;2760;2760;2760.5;2760;276;
eed9621b-6412-4f4b-a166-758882cc7a4c;2024-07-22T17:09:00Z;2760;2760.5;2760.5;2760;122;
eed9621b-6412-4f4b-a166-758882cc7a4c;2024-07-22T17:10:00Z;2760;2760;2760.5;2760;150;
eed9621b-6412-4f4b-a166-758882cc7a4c;2024-07-22T17:11:00Z;2760;2760;2760.5;2760;279;
eed9621b-6412-4f4b-a166-758882cc7a4c;2024-07-22T17:12:00Z;2760;2760.5;2760.5;2760;190;
eed9621b-6412-4f4b-a166-758882cc7a4c;2024-07-22T17:13:00Z;2760;2760;2760.5;2760;536;
eed9621b-6412-4f4b-a166-758882cc7a4c;2024-07-22T17:14:00Z;2760;2760;2760.5;2760;398;
eed9621b-6412-4f4b-a166-758882cc7a4c;2024-07-22T17:15:00Z;2760;2760.5;2761;2760;792;
eed9621b-6412-4f4b-a166-758882cc7a4c;2024-07-22T17:16:00Z;2760;2760;2760.5;2760;165;
eed9621b-6412-4f4b-a166-758882cc7a4c;2024-07-22T17:17:00Z;2760;2760;2760.5;2760;983;
eed9621b-6412-4f4b-a166-758882cc7a4c;2024-07-22T17:18:00Z;2760;2760;2760.5;2760;134;
eed9621b-6412-4f4b-a166-758882cc7a4c;2024-07-22T17:19:00Z;2760.5;2760.5;2761;2760;585;
eed9621b-6412-4f4b-a166-758882cc7a4c;2024-07-22T17:20:00Z;2760.5;2760;2760.5;2760;241;
eed9621b-6412-4f4b-a166-758882cc7a4c;2024-07-22T17:21:00Z;2760;2760.5;2760.5;2760;145;
eed9621b-6412-4f4b-a166-758882cc7a4c;2024-07-22T17:22:00Z;2760;2760;2760.5;2760;100;
eed9621b-6412-4f4b-a166-758882cc7a4c;2024-07-22T17:23:00Z;2760;2760.5;2760.5;2760;241;
eed9621b-6412-4f4b-a166-758882cc7a4c;2024-07-22T17:24:00Z;2760.5;2760.5;2761;2760.5;208;
eed9621b-6412-4f4b-a166-758882cc7a4c;2024-07-22T17:25:00Z;2760.5;2761;2761;2760;307;
eed9621b-6412-4f4b-a166-758882cc7a4c;2024-07-22T17:26:00Z;2760.5;2760.5;2761;2760.5;214;
eed9621b-6412-4f4b-a166-758882cc7a4c;2024-07-22T17:27:00Z;2760.5;2761.5;2762;2760.5;680;
eed9621b-6412-4f4b-a166-758882cc7a4c;2024-07-22T17:28:00Z;2761.5;2761;2762;2761;84;
eed9621b-6412-4f4b-a166-758882cc7a4c;2024-07-22T17:29:00Z;2761;2762;2762.5;2761;468;
eed9621b-6412-4f4b-a166-758882cc7a4c;2024-07-22T17:30:00Z;2762;2762;2762.5;2762;207;
eed9621b-6412-4f4b-a166-758882cc7a4c;2024-07-22T17:31:00Z;2762;2763.5;2764;2762;1150;
eed9621b-6412-4f4b-a166-758882cc7a4c;2024-07-22T17:32:00Z;2763;2763.5;2764;2763;3826;
eed9621b-6412-4f4b-a166-758882cc7a4c;2024-07-22T17:33:00Z;2764;2764.5;2765;2763.5;497;
eed9621b-6412-4f4b-a166-758882cc7a4c;2024-07-22T17:34:00Z;2765;2766.5;2766.5;2764.5;1067;
eed9621b-6412-4f4b-a166-758882cc7a4c;2024-07-22T17:35:00Z;2767;2766.5;2768.5;2766;1589;
eed9621b-6412-4f4b-a166-758882cc7a4c;2024-07-22T17:36:00Z;2767.5;2766.5;2768;2766;379;
eed9621b-6412-4f4b-a166-758882cc7a4c;2024-07-22T17:37:00Z;2766.5;2768;2768;2766.5;394;
eed9621b-6412-4f4b-a166-758882cc7a4c;2024-07-22T17:38:00Z;2767.5;2767.5;2768;2767;504;
eed9621b-6412-4f4b-a166-758882cc7a4c;2024-07-22T17:39:00Z;2767;2766;2767.5;2766;476;
eed9621b-6412-4f4b-a166-758882cc7a4c;2024-07-22T17:40:00Z;2766;2767.5;2767.5;2766;209;
eed9621b-6412-4f4b-a166-758882cc7a4c;2024-07-22T17:41:00Z;2766;2765;2767;2765;660;
eed9621b-6412-4f4b-a166-758882cc7a4c;2024-07-22T17:42:00Z;2765;2764;2765.5;2764;227;
eed9621b-6412-4f4b-a166-758882cc7a4c;2024-07-22T17:43:00Z;2764.5;2764;2764.5;2764;323;
eed9621b-6412-4f4b-a166-758882cc7a4c;2024-07-22T17:44:00Z;2764;2765;2765.5;2764;197;
eed9621b-6412-4f4b-a166-758882cc7a4c;2024-07-22T17:45:00Z;2765;2765;2765.5;2765;240;
eed9621b-6412-4f4b-a166-758882cc7a4c;2024-07-22T17:46:00Z;2765;2765;2765.5;2765;128;
eed9621b-6412-4f4b-a166-758882cc7a4c;2024-07-22T17:47:00Z;2765;2765;2765.5;2765;79;
eed9621b-6412-4f4b-a166-758882cc7a4c;2024-07-22T17:48:00Z;2765;2765;2765.5;2765;94;
eed9621b-6412-4f4b-a166-758882cc7a4c;2024-07-22T17:49:00Z;2765;2765;2765.5;2765;123;
eed9621b-6412-4f4b-a166-758882cc7a4c;2024-07-22T17:50:00Z;2765;2764.5;2765.5;2764.5;492;
eed9621b-6412-4f4b-a166-758882cc7a4c;2024-07-22T17:51:00Z;2764.5;2764.5;2765;2764.5;155;
eed9621b-6412-4f4b-a166-758882cc7a4c;2024-07-22T17:52:00Z;2764.5;2764.5;2765;2764.5;172;
eed9621b-6412-4f4b-a166-758882cc7a4c;2024-07-22T17:53:00Z;2764.5;2764.5;2765;2764.5;78;
eed9621b-6412-4f4b-a166-758882cc7a4c;2024-07-22T17:54:00Z;2764.5;2764;2765;2764;394;
eed9621b-6412-4f4b-a166-758882cc7a4c;2024-07-22T17:55:00Z;2764.5;2764.5;2765.5;2764;167;
eed9621b-6412-4f4b-a166-758882cc7a4c;2024-07-22T17:56:00Z;2764.5;2764.5;2765;2764;149;
eed9621b-6412-4f4b-a166-758882cc7a4c;2024-07-22T17:57:00Z;2764.5;2765.5;2765.5;2764;231;
eed9621b-6412-4f4b-a166-758882cc7a4c;2024-07-22T17:58:00Z;2765;2764;2765;2764;182;
eed9621b-6412-4f4b-a166-758882cc7a4c;2024-07-22T17:59:00Z;2764;2764.5;2765;2764;118;
eed9621b-6412-4f4b-a166-758882cc7a4c;2024-07-22T18:00:00Z;2764.5;2764.5;2765.5;2764.5;229;
eed9621b-6412-4f4b-a166-758882cc7a4c;2024-07-22T18:01:00Z;2764.5;2765;2765;2764.5;110;
eed9621b-6412-4f4b-a166-758882cc7a4c;2024-07-22T18:02:00Z;2764.5;2764.5;2765;2764.5;94;
eed9621b-6412-4f4b-a166-758882cc7a4c;2024-07-22T18:03:00Z;2764.5;2764.5;2765;2764.5;78;
eed9621b-6412-4f4b-a166-758882cc7a4c;2024-07-22T18:04:00Z;2764.5;2764;2765;2764;603;
eed9621b-6412-4f4b-a166-758882cc7a4c;2024-07-22T18:05:00Z;2764;2764.5;2764.5;2764;128;
eed9621b-6412-4f4b-a166-758882cc7a4c;2024-07-22T18:06:00Z;2764;2764;2764.5;2764;150;
eed9621b-6412-4f4b-a166-758882cc7a4c;2024-07-22T18:07:00Z;2764;2764;2764.5;2764;103;
eed9621b-6412-4f4b-a166-758882cc7a4c;2024-07-22T18:08:00Z;2764;2764;2764;2764;79;
eed9621b-6412-4f4b-a166-758882cc7a4c;2024-07-22T18:09:00Z;2764;2764;2764.5;2764;78;
eed9621b-6412-4f4b-a166-758882cc7a4c;2024-07-22T18:10:00Z;2764;2764;2764;2763.5;315;
eed9621b-6412-4f4b-a166-758882cc7a4c;2024-07-22T18:11:00Z;2763.5;2764.5;2764.5;2763.5;311;
eed9621b-6412-4f4b-a166-758882cc7a4c;2024-07-22T18:12:00Z;2764.5;2765;2766;2764.5;393;
eed9621b-6412-4f4b-a166-758882cc7a4c;2024-07-22T18:13:00Z;2765.5;2764.5;2765.5;2764.5;145;
eed9621b-6412-4f4b-a166-758882cc7a4c;2024-07-22T18:14:00Z;2764.5;2765;2766;2764.5;352;
eed9621b-6412-4f4b-a166-758882cc7a4c;2024-07-22T18:15:00Z;2765;2766.5;2767;2765;378;
eed9621b-6412-4f4b-a166-758882cc7a4c;2024-07-22T18:16:00Z;2766;2766;2767;2766;462;
eed9621b-6412-4f4b-a166-758882cc7a4c;2024-07-22T18:17:00Z;2766;2766.5;2767;2766;140;
eed9621b-6412-4f4b-a166-758882cc7a4c;2024-07-22T18:18:00Z;2766;2764;2766;2763.5;799;
eed9621b-6412-4f4b-a166-758882cc7a4c;2024-07-22T18:19:00Z;2763.5;2764.5;2765;2763.5;121;
eed9621b-6412-4f4b-a166-758882cc7a4c;2024-07-22T18:20:00Z;2764;2764.5;2765;2764;101;
eed9621b-6412-4f4b-a166-758882cc7a4c;2024-07-22T18:21:00Z;2765;2763.5;2766;2763.5;1096;
eed9621b-6412-4f4b-a166-758882cc7a4c;2024-07-22T18:22:00Z;2764.5;2764;2764.5;2763;333;
eed9621b-6412-4f4b-a166-758882cc7a4c;2024-07-22T18:23:00Z;2764;2765;2765;2763.5;107;
eed9621b-6412-4f4b-a166-758882cc7a4c;2024-07-22T18:24:00Z;2764;2765;2765;2763.5;159;
eed9621b-6412-4f4b-a166-758882cc7a4c;2024-07-22T18:25:00Z;2764;2763.5;2764.5;2763;710;
eed9621b-6412-4f4b-a166-758882cc7a4c;2024-07-22T18:26:00Z;2763.5;2764;2764;2763;1032;
eed9621b-6412-4f4b-a166-758882cc7a4c;2024-07-22T18:27:00Z;2763.5;2763.5;2764;2763.5;159;
eed9621b-6412-4f4b-a166-758882cc7a4c;2024-07-22T18:28:00Z;2763.5;2764;2764.5;2763.5;213;
eed9621b-6412-4f4b-a166-758882cc7a4c;2024-07-22T18:29:00Z;2764;2764;2764.5;2764;155;
eed9621b-6412-4f4b-a166-758882cc7a4c;2024-07-22T18:30:00Z;2764;2763.5;2764;2763.5;1556;
eed9621b-6412-4f4b-a166-758882cc7a4c;2024-07-22T18:31:00Z;2763.5;2763.5;2764;2763;1338;
eed9621b-6412-4f4b-a166-758882cc7a4c;2024-07-22T18:32:00Z;2763.5;2765;2765;2763.5;384;
eed9621b-6412-4f4b-a166-758882cc7a4c;2024-07-22T18:33:00Z;2764.5;2765.5;2767;2764.5;1472;
eed9621b-6412-4f4b-a166-758882cc7a4c;2024-07-22T18:34:00Z;2765;2764.5;2766;2764.5;164;
eed9621b-6412-4f4b-a166-758882cc7a4c;2024-07-22T18:35:00Z;2764.5;2766;2766.5;2764.5;145;
eed9621b-6412-4f4b-a166-758882cc7a4c;2024-07-22T18:36:00Z;2765.5;2767;2767.5;2765;636;
eed9621b-6412-4f4b-a166-758882cc7a4c;2024-07-22T18:37:00Z;2767;2764.5;2767;2764.5;547;
eed9621b-6412-4f4b-a166-758882cc7a4c;2024-07-22T18:38:00Z;2764.5;2765;2766;2764.5;184;
eed9621b-6412-4f4b-a166-758882cc7a4c;2024-07-22T18:39:00Z;2765.5;2767;2767;2765.5;346;
eed9621b-6412-4f4b-a166-758882cc7a4c;2024-07-22T18:40:00Z;2766.5;2766;2767;2766;608;
eed9621b-6412-4f4b-a166-758882cc7a4c;2024-07-22T18:41:00Z;2766;2766.5;2766.5;2766;137;
eed9621b-6412-4f4b-a166-758882cc7a4c;2024-07-22T18:42:00Z;2766.5;2767;2768;2766;1717;
eed9621b-6412-4f4b-a166-758882cc7a4c;2024-07-22T18:43:00Z;2767;2767;2767.5;2767;167;
eed9621b-6412-4f4b-a166-758882cc7a4c;2024-07-22T18:44:00Z;2767;2767.5;2768;2767;259;
eed9621b-6412-4f4b-a166-758882cc7a4c;2024-07-22T18:45:00Z;2767.5;2766;2768;2765.5;4229;
eed9621b-6412-4f4b-a166-758882cc7a4c;2024-07-22T18:46:00Z;2766;2765.5;2767.5;2765.5;198;
eed9621b-6412-4f4b-a166-758882cc7a4c;2024-07-22T18:47:00Z;2765.5;2764.5;2765.5;2764.5;601;
eed9621b-6412-4f4b-a166-758882cc7a4c;2024-07-22T18:48:00Z;2764.5;2766;2768.5;2764.5;1947;
eed9621b-6412-4f4b-a166-758882cc7a4c;2024-07-22T18:49:00Z;2766;2766;2766.5;2765.5;79;
eed9621b-6412-4f4b-a166-758882cc7a4c;2024-07-22T18:50:00Z;2766;2768;2768.5;2766;527;
eed9621b-6412-4f4b-a166-758882cc7a4c;2024-07-22T18:51:00Z;2767.5;2766.5;2768;2766;552;
eed9621b-6412-4f4b-a166-758882cc7a4c;2024-07-22T18:52:00Z;2766;2766.5;2766.5;2766;126;
eed9621b-6412-4f4b-a166-758882cc7a4c;2024-07-22T18:53:00Z;2766;2766.5;2766.5;2766;214;
eed9621b-6412-4f4b-a166-758882cc7a4c;2024-07-22T18:54:00Z;2766.5;2767.5;2768.5;2766.5;687;
eed9621b-6412-4f4b-a166-758882cc7a4c;2024-07-22T18:55:00Z;2767.5;2767;2767.5;2767;99;
eed9621b-6412-4f4b-a166-758882cc7a4c;2024-07-22T18:56:00Z;2767;2766;2767.5;2765.5;835;
eed9621b-6412-4f4b-a166-758882cc7a4c;2024-07-22T18:57:00Z;2765.5;2765;2766;2765;102;
eed9621b-6412-4f4b-a166-758882cc7a4c;2024-07-22T18:58:00Z;2766;2766.5;2767;2765.5;191;
eed9621b-6412-4f4b-a166-758882cc7a4c;2024-07-22T18:59:00Z;2766.5;2767;2767.5;2766.5;144;
eed9621b-6412-4f4b-a166-758882cc7a4c;2024-07-22T19:00:00Z;2767;2767.5;2768;2766.5;189;
eed9621b-6412-4f4b-a166-758882cc7a4c;2024-07-22T19:01:00Z;2767.5;2766.5;2768;2766.5;115;
eed9621b-6412-4f4b-a166-758882cc7a4c;2024-07-22T19:02:00Z;2766.5;2767.5;2767.5;2766.5;162;
eed9621b-6412-4f4b-a166-758882cc7a4c;2024-07-22T19:03:00Z;2766.5;2767;2767.5;2766.5;104;
eed9621b-6412-4f4b-a166-758882cc7a4c;2024-07-22T19:04:00Z;2766.5;2767.5;2768;2766.5;761;
eed9621b-6412-4f4b-a166-758882cc7a4c;2024-07-22T19:05:00Z;2767.5;2768.5;2769.5;2767.5;4075;
eed9621b-6412-4f4b-a166-758882cc7a4c;2024-07-22T19:06:00Z;2769;2769;2770;2768;829;
eed9621b-6412-4f4b-a166-758882cc7a4c;2024-07-22T19:07:00Z;2769;2768.5;2769.5;2768.5;113;
eed9621b-6412-4f4b-a166-758882cc7a4c;2024-07-22T19:08:00Z;2768.5;2768;2769.5;2768;114;
eed9621b-6412-4f4b-a166-758882cc7a4c;2024-07-22T19:09:00Z;2768;2769;2770;2768;771;
eed9621b-6412-4f4b-a166-758882cc7a4c;2024-07-22T19:10:00Z;2769;2770;2770;2769;392;
eed9621b-6412-4f4b-a166-758882cc7a4c;2024-07-22T19:11:00Z;2769.5;2769.5;2770;2769.5;581;
eed9621b-6412-4f4b-a166-758882cc7a4c;2024-07-22T19:12:00Z;2769.5;2769;2769.5;2768.5;120;
eed9621b-6412-4f4b-a166-758882cc7a4c;2024-07-22T19:13:00Z;2768.5;2768;2769;2768;194;
eed9621b-6412-4f4b-a166-758882cc7a4c;2024-07-22T19:14:00Z;2768;2767.5;2768.5;2767.5;575;
eed9621b-6412-4f4b-a166-758882cc7a4c;2024-07-22T19:15:00Z;2767.5;2769;2769;2767.5;105;
eed9621b-6412-4f4b-a166-758882cc7a4c;2024-07-22T19:16:00Z;2768.5;2769;2769.5;2768.5;292;
eed9621b-6412-4f4b-a166-758882cc7a4c;2024-07-22T19:17:00Z;2769;2769;2770;2768.5;336;
eed9621b-6412-4f4b-a166-758882cc7a4c;2024-07-22T19:18:00Z;2769;2768;2769;2767.5;1241;
eed9621b-6412-4f4b-a166-758882cc7a4c;2024-07-22T19:19:00Z;2768;2766;2768;2765.5;4515;
eed9621b-6412-4f4b-a166-758882cc7a4c;2024-07-22T19:20:00Z;2766;2766;2768;2765.5;1039;
eed9621b-6412-4f4b-a166-758882cc7a4c;2024-07-22T19:21:00Z;2766;2766.5;2766.5;2766;118;
eed9621b-6412-4f4b-a166-758882cc7a4c;2024-07-22T19:22:00Z;2766;2765;2766;2765;1592;
eed9621b-6412-4f4b-a166-758882cc7a4c;2024-07-22T19:23:00Z;2765;2765;2765.5;2765;131;
eed9621b-6412-4f4b-a166-758882cc7a4c;2024-07-22T19:24:00Z;2765;2765.5;2768.5;2765;1408;
eed9621b-6412-4f4b-a166-758882cc7a4c;2024-07-22T19:25:00Z;2766.5;2765.5;2766.5;2765;234;
eed9621b-6412-4f4b-a166-758882cc7a4c;2024-07-22T19:26:00Z;2765.5;2765;2766;2765;95;
eed9621b-6412-4f4b-a166-758882cc7a4c;2024-07-22T19:27:00Z;2765.5;2765;2766;2765;241;
eed9621b-6412-4f4b-a166-758882cc7a4c;2024-07-22T19:28:00Z;2765;2764.5;2765.5;2764.5;295;
eed9621b-6412-4f4b-a166-758882cc7a4c;2024-07-22T19:29:00Z;2764.5;2764.5;2765;2764;491;
eed9621b-6412-4f4b-a166-758882cc7a4c;2024-07-22T19:30:00Z;2765.5;2765.5;2766;2764.5;368;
eed9621b-6412-4f4b-a166-758882cc7a4c;2024-07-22T19:31:00Z;2765;2764.5;2765.5;2764.5;353;
eed9621b-6412-4f4b-a166-758882cc7a4c;2024-07-22T19:32:00Z;2764.5;2763;2764.5;2763;787;
eed9621b-6412-4f4b-a166-758882cc7a4c;2024-07-22T19:33:00Z;2763;2763.5;2764;2763;189;
eed9621b-6412-4f4b-a166-758882cc7a4c;2024-07-22T19:34:00Z;2763.5;2763.5;2764;2763.5;220;
eed9621b-6412-4f4b-a166-758882cc7a4c;2024-07-22T19:35:00Z;2763.5;2763.5;2763.5;2763.5;86;
eed9621b-6412-4f4b-a166-758882cc7a4c;2024-07-22T19:36:00Z;2764;2763.5;2764;2763.5;101;
eed9621b-6412-4f4b-a166-758882cc7a4c;2024-07-22T19:37:00Z;2764;2764.5;2765;2764;195;
eed9621b-6412-4f4b-a166-758882cc7a4c;2024-07-22T19:38:00Z;2764.5;2765;2765.5;2764.5;389;
eed9621b-6412-4f4b-a166-758882cc7a4c;2024-07-22T19:39:00Z;2765;2765;2765.5;2765;162;
eed9621b-6412-4f4b-a166-758882cc7a4c;2024-07-22T19:40:00Z;2765;2764.5;2765;2764.5;217;
eed9621b-6412-4f4b-a166-758882cc7a4c;2024-07-22T19:41:00Z;2764.5;2764.5;2765;2764.5;254;
eed9621b-6412-4f4b-a166-758882cc7a4c;2024-07-22T19:42:00Z;2764.5;2764.5;2765;2764;99;
eed9621b-6412-4f4b-a166-758882cc7a4c;2024-07-22T19:43:00Z;2764.5;2764;2764.5;2764;154;
eed9621b-6412-4f4b-a166-758882cc7a4c;2024-07-22T19:44:00Z;2764;2764.5;2765;2763.5;212;
eed9621b-6412-4f4b-a166-758882cc7a4c;2024-07-22T19:45:00Z;2764.5;2764.5;2765;2764.5;123;
eed9621b-6412-4f4b-a166-758882cc7a4c;2024-07-22T19:46:00Z;2764.5;2764.5;2765;2764.5;89;
eed9621b-6412-4f4b-a166-758882cc7a4c;2024-07-22T19:47:00Z;2764.5;2764.5;2764.5;2764.5;78;
eed9621b-6412-4f4b-a166-758882cc7a4c;2024-07-22T19:48:00Z;2764.5;2763;2764.5;2763;157;
eed9621b-6412-4f4b-a166-758882cc7a4c;2024-07-22T19:49:00Z;2763.5;2764;2764.5;2763;441;
eed9621b-6412-4f4b-a166-758882cc7a4c;2024-07-22T19:50:00Z;2763.5;2763.5;2764.5;2763.5;179;
eed9621b-6412-4f4b-a166-758882cc7a4c;2024-07-22T19:51:00Z;2763.5;2764;2764.5;2763.5;99;
eed9621b-6412-4f4b-a166-758882cc7a4c;2024-07-22T19:52:00Z;2764;2763.5;2764;2763.5;135;
eed9621b-6412-4f4b-a166-758882cc7a4c;2024-07-22T19:53:00Z;2763.5;2763.5;2764;2763.5;541;
eed9621b-6412-4f4b-a166-758882cc7a4c;2024-07-22T19:54:00Z;2763.5;2764.5;2766.5;2763.5;2358;
eed9621b-6412-4f4b-a166-758882cc7a4c;2024-07-22T19:55:00Z;2764.5;2764;2765;2764;110;
eed9621b-6412-4f4b-a166-758882cc7a4c;2024-07-22T19:56:00Z;2764;2766.5;2769;2764;3207;
eed9621b-6412-4f4b-a166-758882cc7a4c;2024-07-22T19:57:00Z;2766.5;2767.5;2769.5;2765;2495;
eed9621b-6412-4f4b-a166-758882cc7a4c;2024-07-22T19:58:00Z;2767.5;2768.5;2770;2766.5;2206;
eed9621b-6412-4f4b-a166-758882cc7a4c;2024-07-22T19:59:00Z;2767.5;2769.5;2770;2767.5;1911;
eed9621b-6412-4f4b-a166-758882cc7a4c;2024-07-22T20:00:00Z;2770;2769.5;2770;2769.5;1282;
eed9621b-6412-4f4b-a166-758882cc7a4c;2024-07-22T20:01:00Z;2769.5;2771.5;2771.5;2768.5;2954;
eed9621b-6412-4f4b-a166-758882cc7a4c;2024-07-22T20:02:00Z;2771;2771;2772.5;2771;3359;
eed9621b-6412-4f4b-a166-758882cc7a4c;2024-07-22T20:03:00Z;2772.5;2771.5;2772.5;2771.5;2376;
eed9621b-6412-4f4b-a166-758882cc7a4c;2024-07-22T20:04:00Z;2772;2772;2773;2771.5;782;
eed9621b-6412-4f4b-a166-758882cc7a4c;2024-07-22T20:05:00Z;2772;2772.5;2773;2772;398;
eed9621b-6412-4f4b-a166-758882cc7a4c;2024-07-22T20:06:00Z;2772.5;2772.5;2773;2772;442;
eed9621b-6412-4f4b-a166-758882cc7a4c;2024-07-22T20:07:00Z;2772.5;2772;2773;2772;118;
eed9621b-6412-4f4b-a166-758882cc7a4c;2024-07-22T20:08:00Z;2772;2772;2772;2771.5;1208;
eed9621b-6412-4f4b-a166-758882cc7a4c;2024-07-22T20:09:00Z;2771.5;2770;2772;2770;378;
eed9621b-6412-4f4b-a166-758882cc7a4c;2024-07-22T20:10:00Z;2770;2770.5;2771;2770;239;
eed9621b-6412-4f4b-a166-758882cc7a4c;2024-07-22T20:11:00Z;2770.5;2770.5;2771;2770.5;353;
eed9621b-6412-4f4b-a166-758882cc7a4c;2024-07-22T20:12:00Z;2770.5;2770;2771;2770;605;
eed9621b-6412-4f4b-a166-758882cc7a4c;2024-07-22T20:13:00Z;2770;2771;2771.5;2770;125;
eed9621b-6412-4f4b-a166-758882cc7a4c;2024-07-22T20:14:00Z;2771;2771;2772.5;2771;336;
eed9621b-6412-4f4b-a166-758882cc7a4c;2024-07-22T20:15:00Z;2771;2770.5;2771;2770.5;107;
eed9621b-6412-4f4b-a166-758882cc7a4c;2024-07-22T20:16:00Z;2770.5;2770;2771;2770;106;
eed9621b-6412-4f4b-a166-758882cc7a4c;2024-07-22T20:17:00Z;2771;2770.5;2771;2770.5;115;
eed9621b-6412-4f4b-a166-758882cc7a4c;2024-07-22T20:18:00Z;2770.5;2771;2771;2770;328;
eed9621b-6412-4f4b-a166-758882cc7a4c;2024-07-22T20:19:00Z;2771;2770;2771.5;2770;77;
eed9621b-6412-4f4b-a166-758882cc7a4c;2024-07-22T20:20:00Z;2771.5;2770.5;2771.5;2770;267;
eed9621b-6412-4f4b-a166-758882cc7a4c;2024-07-22T20:21:00Z;2770.5;2770.5;2771.5;2770.5;117;
eed9621b-6412-4f4b-a166-758882cc7a4c;2024-07-22T20:22:00Z;2770.5;2770.5;2771.5;2770;86;
eed9621b-6412-4f4b-a166-758882cc7a4c;2024-07-22T20:23:00Z;2770.5;2770;2770.5;2770;284;
eed9621b-6412-4f4b-a166-758882cc7a4c;2024-07-22T20:24:00Z;2770.5;2770;2771.5;2770;236;
eed9621b-6412-4f4b-a166-758882cc7a4c;2024-07-22T20:25:00Z;2770;2769.5;2771.5;2769.5;2182;
eed9621b-6412-4f4b-a166-758882cc7a4c;2024-07-22T20:26:00Z;2769.5;2769.5;2770;2769.5;88;
eed9621b-6412-4f4b-a166-758882cc7a4c;2024-07-22T20:27:00Z;2769.5;2769;2769.5;2769;394;
eed9621b-6412-4f4b-a166-758882cc7a4c;2024-07-22T20:28:00Z;2769;2767.5;2769;2767;734;
eed9621b-6412-4f4b-a166-758882cc7a4c;2024-07-22T20:29:00Z;2767.5;2767;2767.5;2767;76;
eed9621b-6412-4f4b-a166-758882cc7a4c;2024-07-22T20:30:00Z;2767;2767;2769;2766.5;141;
eed9621b-6412-4f4b-a166-758882cc7a4c;2024-07-22T20:31:00Z;2767.5;2767.5;2769.5;2767;215;
eed9621b-6412-4f4b-a166-758882cc7a4c;2024-07-22T20:32:00Z;2768;2769.5;2770;2768;306;
eed9621b-6412-4f4b-a166-758882cc7a4c;2024-07-22T20:33:00Z;2769.5;2769.5;2770;2769.5;567;
eed9621b-6412-4f4b-a166-758882cc7a4c;2024-07-22T20:34:00Z;2770;2769.5;2770;2769.5;410;
eed9621b-6412-4f4b-a166-758882cc7a4c;2024-07-22T20:35:00Z;2770;2769.5;2770;2769.5;474;
eed9621b-6412-4f4b-a166-758882cc7a4c;2024-07-22T20:36:00Z;2770;2769;2770.5;2769;182;
eed9621b-6412-4f4b-a166-758882cc7a4c;2024-07-22T20:37:00Z;2769;2768.5;2769;2768.5;282;
eed9621b-6412-4f4b-a166-758882cc7a4c;2024-07-22T20:38:00Z;2768.5;2768;2770;2767;440;
eed9621b-6412-4f4b-a166-758882cc7a4c;2024-07-22T20:39:00Z;2768;2767.5;2769.5;2767.5;162;
eed9621b-6412-4f4b-a166-758882cc7a4c;2024-07-22T20:40:00Z;2767;2768.5;2768.5;2767;929;
eed9621b-6412-4f4b-a166-758882cc7a4c;2024-07-22T20:41:00Z;2769;2769;2770;2768.5;99;
eed9621b-6412-4f4b-a166-758882cc7a4c;2024-07-22T20:42:00Z;2769;2769;2770;2769;148;
eed9621b-6412-4f4b-a166-758882cc7a4c;2024-07-22T20:43:00Z;2768.5;2768.5;2768.5;2768;378;
eed9621b-6412-4f4b-a166-758882cc7a4c;2024-07-22T20:44:00Z;2768.5;2768.5;2769;2768;988;
eed9621b-6412-4f4b-a166-758882cc7a4c;2024-07-22T20:45:00Z;2769;2769;2769.5;2768.5;508;
eed9621b-6412-4f4b-a166-758882cc7a4c;2024-07-22T20:46:00Z;2769;2769;2771;2768.5;1768;
eed9621b-6412-4f4b-a166-758882cc7a4c;2024-07-22T20:47:00Z;2769;2770.5;2771;2769;167;
eed9621b-6412-4f4b-a166-758882cc7a4c;2024-07-22T20:48:00Z;2771;2770.5;2772;2770.5;748;
eed9621b-6412-4f4b-a166-758882cc7a4c;2024-07-22T20:49:00Z;2771;2772.5;2772.5;2770.5;1612;
